Sr. No.,Exam Day,Date,Session,Time Slot,Duration,Subject Code,Subject Name,Schema
1,1,23-04-2026,Morning,09:30 A.M. to 12:30 P.M.,3,22225,BASIC ELECTRONICS,CO-2-I
2,1,23-04-2026,Afternoon,02:00 P.M. to 05:00 P.M.,3,22501,WATER RESOURCE  ENGINEERING,"CE-5-I, CE-5-G, CE-5-E, CE-5-C"
3,1,23-04-2026,Afternoon,02:00 P.M. to 05:00 P.M.,3,22516,OPERATING SYSTEMS,"CO-5-I, CO-5-C"
4,1,23-04-2026,Afternoon,02:00 P.M. to 05:00 P.M.,3,22531,CONTROL SYSTEMS AND PLC,"EJ-5-I, EJ-5-G"
5,1,23-04-2026,Afternoon,02:00 P.M. to 05:00 P.M.,3,22541,CONTROL SYSTEMS,EJ-6-E
6,1,23-04-2026,Afternoon,02:00 P.M. to 06:00 P.M.,4,315313,THEORY OF STRUCTURE,CE-5-K
7,1,23-04-2026,Afternoon,02:00 P.M. to 05:00 P.M.,3,315319,OPERATING SYSTEM,CO-5-K
8,1,23-04-2026,Afternoon,02:00 P.M. to 05:00 P.M.,3,315339,MOBILE & WIRELESS COMMUNICATION,EJ-5-K
9,1,23-04-2026,Afternoon,02:00 P.M. to 05:00 P.M.,3,315371,POWER ENGINEERING,ME-5-K
10,2,24-04-2026,Morning,09:30 A.M. to 12:30 P.M.,3,22656,AUTOMOBILE ENGINEERING,ME-6-I
11,2,24-04-2026,Morning,09:30 A.M. to 12:30 P.M.,3,316307,CONTRACTS AND BILLING,CE-6-K
12,2,24-04-2026,Morning,09:30 A.M. to 12:30 P.M.,3,316314,SOFTWARE TESTING,CO-6-K
13,2,24-04-2026,Morning,09:30 A.M. to 12:30 P.M.,3,316332,OPTICAL NETWORK AND SATELLITE COMMUNICATION,EJ-6-K
14,2,24-04-2026,Morning,09:30 A.M. to 01:30 P.M.,4,316357,DESIGN OF MACHINE ELEMENTS,ME-6-K
15,2,24-04-2026,Afternoon,02:00 P.M. to 05:00 P.M.,3,22305,CONCRETE TECHNOLOGY,CE-3-I
16,2,24-04-2026,Afternoon,02:00 P.M. to 05:00 P.M.,3,22319,DATABASE MANAGEMENT SYSTEM,"CO-3-I, CO-3-G, CO-3-C"
17,2,24-04-2026,Afternoon,02:00 P.M. to 05:00 P.M.,3,22337,THERMAL ENGINEERING,ME-3-I
18,2,24-04-2026,Afternoon,02:00 P.M. to 05:00 P.M.,3,313301,DATA STRUCTURE USING C,CO-3-K
19,2,24-04-2026,Afternoon,02:00 P.M. to 05:00 P.M.,3,313308,STRENGTH OF MATERIALS,"CE-3-K, ME-3-K"
20,2,24-04-2026,Afternoon,02:00 P.M. to 05:00 P.M.,3,313324,ANALOG ELECTRONICS,EJ-3-K
21,3,27-04-2026,Morning,09:30 A.M. to 12:30 P.M.,3,22401,HYDRAULICS,"CE-4-I, CE-4-G, CE-4-E, CE-4-C"
22,3,27-04-2026,Morning,09:30 A.M. to 12:30 P.M.,3,22412,JAVA PROGRAMMING,CO-4-I
23,3,27-04-2026,Morning,09:30 A.M. to 12:30 P.M.,3,22423,LINEAR INTEGRATED CIRCUITS,"EJ-4-I, EJ-4-G"
24,3,27-04-2026,Morning,09:30 A.M. to 12:30 P.M.,3,22445,FLUID MECHANICS AND MACHINERY,"ME-4-I, ME-4-G, ME-4-E, ME-4-C"
25,3,27-04-2026,Morning,09:30 A.M. to 12:30 P.M.,3,313313,THEORY OF MACHINES,ME-4-K
26,3,27-04-2026,Morning,09:30 A.M. to 01:30 P.M.,4,314313,"ESTIMATING, COSTING AND VALUATION",CE-4-K
27,3,27-04-2026,Morning,09:30 A.M. to 12:30 P.M.,3,314317,JAVA PROGRAMMING,CO-4-K
28,3,27-04-2026,Morning,09:30 A.M. to 12:30 P.M.,3,314326,DIGITAL COMMUNICATION SYSTEMS,EJ-4-K
29,4,28-04-2026,Morning,09:30 A.M. to 12:30 P.M.,3,22217,ELECTRONIC ENGINEERING MATERIALS,EJ-2-I
30,4,28-04-2026,Morning,09:30 A.M. to 12:30 P.M.,3,312301,APPLIED MATHEMATICS,"EJ-2-K, ME-2-K, CO-2-K, CE-2-K, CO-2-I, ME-2-I, CO-2-G, ME-2-G"
31,4,28-04-2026,Afternoon,02:00 P.M. to 06:00 P.M.,4,22502,DESIGN OF STEEL AND RCC STRUCTURES,CE-5-I
32,4,28-04-2026,Afternoon,02:00 P.M. to 05:00 P.M.,3,22521,ADVANCED DATABASE MANAGEMENT SYSTEMS  (ELECTIVE-I),CO-5-I
33,4,28-04-2026,Afternoon,02:00 P.M. to 05:00 P.M.,3,22533,MOBILE AND WIRELESS COMMUNICATION,EJ-5-I
34,4,28-04-2026,Afternoon,02:00 P.M. to 05:00 P.M.,3,22537,MICROCONTROLLER,"EJ-5-G, EJ-5-E, EJ-5-C"
35,4,28-04-2026,Afternoon,02:00 P.M. to 05:00 P.M.,3,22563,ADVANCED MANUFACTURING PROCESSES,"ME-5-I, ME-5-G"
36,4,28-04-2026,Afternoon,02:00 P.M. to 05:00 P.M.,3,315314,WATER RESOURCE ENGINEERING,CE-5-K
37,4,28-04-2026,Afternoon,02:00 P.M. to 05:00 P.M.,3,315323,SOFTWARE ENGINEERING,CO-5-K
38,4,28-04-2026,Afternoon,02:00 P.M. to 05:00 P.M.,3,315338,EMBEDDED SYSTEM,EJ-5-K
39,4,28-04-2026,Afternoon,02:00 P.M. to 05:00 P.M.,3,315372,AUTOMOBILE ENGINEERING,ME-5-K
40,5,29-04-2026,Morning,09:30 A.M. to 12:30 P.M.,3,22601,CONTRACTS AND ACCOUNTS,"CE-6-I, CE-6-G, CE-6-E"
41,5,29-04-2026,Morning,09:30 A.M. to 12:30 P.M.,3,22617,MOBILE APPLICATION DEVELOPMENT,CO-6-I
42,5,29-04-2026,Morning,09:30 A.M. to 12:30 P.M.,3,22634,COMPUTER NETWORKING AND DATA COMMUNICATION,EJ-6-I
43,5,29-04-2026,Morning,09:30 A.M. to 12:30 P.M.,3,22657,INDUSTRIAL ENGINEERING AND QUALITY CONTROL,ME-6-I
44,5,29-04-2026,Morning,09:30 A.M. to 01:30 P.M.,4,316308,DESIGN OF RCC AND STEEL STRUCTURES,CE-6-K
45,5,29-04-2026,Morning,09:30 A.M. to 12:30 P.M.,3,316315,DIGITAL FORENSIC AND HACKING TECHNIQUES,CO-6-K
46,5,29-04-2026,Morning,09:30 A.M. to 12:30 P.M.,3,316316,MACHINE LEARNING,CO-6-K
47,5,29-04-2026,Morning,09:30 A.M. to 12:30 P.M.,3,316317,NETWORK AND INFORMATION SECURITY,CO-6-K
48,5,29-04-2026,Morning,09:30 A.M. to 12:30 P.M.,3,316338,COMPUTER NETWORK & DATA COMMUNICATION,EJ-6-K
49,5,29-04-2026,Morning,09:30 A.M. to 12:30 P.M.,3,316362,INDUSTRIAL ENGINEERING AND QUALITY CONTROL,ME-6-K
50,5,29-04-2026,Afternoon,02:00 P.M. to 05:00 P.M.,3,22303,MECHANICS OF STRUCTURES,"CE-3-I, CE-3-G, CE-4-E, CE-4-C, CE-2-A"
51,5,29-04-2026,Afternoon,02:00 P.M. to 05:00 P.M.,3,22306,STRENGTH OF MATERIALS,"ME-3-I, ME-3-G, ME-3-E, ME-3-C"
52,5,29-04-2026,Afternoon,02:00 P.M. to 05:00 P.M.,3,22320,DIGITAL TECHNIQUES,"CO-3-I, EJ-3-I, EJ-3-G, CO-3-G, EJ-3-E"
53,5,29-04-2026,Afternoon,02:00 P.M. to 05:00 P.M.,3,313302,DATABASE MANAGEMENT SYSTEM,CO-3-K
54,5,29-04-2026,Afternoon,02:00 P.M. to 06:00 P.M.,4,313311,PRODUCTION DRAWING,ME-3-K
55,5,29-04-2026,Afternoon,02:00 P.M. to 05:00 P.M.,3,313321,ADVANCED SURVEYING,CE-3-K
56,5,29-04-2026,Afternoon,02:00 P.M. to 05:00 P.M.,3,313325,CIRCUITS & NETWORKS,EJ-3-K
57,6,30-04-2026,Morning,09:30 A.M. to 01:30 P.M.,4,22402,THEORY OF STRUCTURES,"CE-4-I, CE-4-G, CE-5-E, CE-5-C"
58,6,30-04-2026,Morning,09:30 A.M. to 12:30 P.M.,3,22413,SOFTWARE ENGINEERING,CO-4-I
59,6,30-04-2026,Morning,09:30 A.M. to 12:30 P.M.,3,22446,MANUFACTURING PROCESSES,"ME-4-I, ME-4-G, ME-4-E"
60,6,30-04-2026,Morning,09:30 A.M. to 12:30 P.M.,3,314303,HYDRAULICS,CE-4-K
61,6,30-04-2026,Morning,09:30 A.M. to 12:30 P.M.,3,314318,DATA COMMUNICATION AND COMPUTER NETWORK,CO-4-K
62,7,02-05-2026,Morning,09:30 A.M. to 12:30 P.M.,3,22201,APPLIED MATHEMATICS,"CE-2-I, CE-2-G, CE-2-C"
63,7,02-05-2026,Morning,09:30 A.M. to 12:30 P.M.,3,22210,APPLIED MATHEMATICS,EJ-2-I
64,7,02-05-2026,Morning,09:30 A.M. to 01:30 P.M.,4,312311,ENGINEERING DRAWING,ME-2-K
65,7,02-05-2026,Morning,09:30 A.M. to 12:30 P.M.,3,312338,BUILDING MATERIAL AND CONSTRUCTION,CE-2-K
66,7,02-05-2026,Afternoon,02:00 P.M. to 05:00 P.M.,3,22503,"ESTIMATING, COSTING AND VALUATION","CE-5-I, CE-5-G, CE-5-E"
67,7,02-05-2026,Afternoon,02:00 P.M. to 05:00 P.M.,3,22519,CLIENT SIDE SCRIPTING LANGUAGE  (ELECTIVE-I),CO-5-I
68,7,02-05-2026,Afternoon,02:00 P.M. to 05:00 P.M.,3,22532,EMBEDDED SYSTEMS,EJ-5-I
69,7,02-05-2026,Afternoon,02:00 P.M. to 06:00 P.M.,4,22564,ELEMENTS OF MACHINE DESIGN,"ME-5-I, ME-6-G, ME-6-E, ME-6-C"
70,7,02-05-2026,Afternoon,02:00 P.M. to 05:00 P.M.,3,315316,ENERGY CONSERVATION & GREEN BUILDING,CE-5-K
71,7,02-05-2026,Afternoon,02:00 P.M. to 05:00 P.M.,3,315317,PRECAST & PRESTRESSED CONCRETE STRUCTURES,CE-5-K
72,7,02-05-2026,Afternoon,02:00 P.M. to 05:00 P.M.,3,315318,ROAD TRAFFIC ENGINEERING,CE-5-K
73,7,02-05-2026,Afternoon,02:00 P.M. to 05:00 P.M.,3,315321,ADVANCE COMPUTER NETWORK,CO-5-K
74,7,02-05-2026,Afternoon,02:00 P.M. to 05:00 P.M.,3,315325,CLOUD COMPUTING,CO-5-K
75,7,02-05-2026,Afternoon,02:00 P.M. to 05:00 P.M.,3,315326,DATA ANALYTICS,CO-5-K
76,7,02-05-2026,Afternoon,02:00 P.M. to 05:00 P.M.,3,315341,IOT APPLICATIONS,EJ-5-K
77,7,02-05-2026,Afternoon,02:00 P.M. to 05:00 P.M.,3,315342,MICROWAVE ENGINEERING & RADAR SYSTEM,EJ-5-K
78,7,02-05-2026,Afternoon,02:00 P.M. to 05:00 P.M.,3,315367,PRODUCT DESIGN AND DEVELOPMENT,ME-5-K
79,7,02-05-2026,Afternoon,02:00 P.M. to 05:00 P.M.,3,315373,HEATING VENTILATION AIR CONDITIONING,ME-5-K
80,7,02-05-2026,Afternoon,02:00 P.M. to 05:00 P.M.,3,315374,POWER PLANT ENGINEERING,ME-5-K
81,8,04-05-2026,Morning,09:30 A.M. to 12:30 P.M.,3,22602,MAINTENANCE AND REPAIRS OF STRUCTURES,CE-6-I
82,8,04-05-2026,Morning,09:30 A.M. to 12:30 P.M.,3,22616,PROGRAMMING WITH PYTHON,CO-6-I
83,8,04-05-2026,Morning,09:30 A.M. to 12:30 P.M.,3,22655,INDUSTRIAL HYDRAULICS AND PNEUMATICS,"ME-6-I, ME-6-G, ME-6-E, ME-6-C"
84,8,04-05-2026,Morning,09:30 A.M. to 12:30 P.M.,3,316309,MAINTENANCE AND REPAIRS OF STRUCTURES,CE-6-K
85,8,04-05-2026,Morning,09:30 A.M. to 12:30 P.M.,3,316334,AUTOMATION & PLC,EJ-6-K
86,8,04-05-2026,Morning,09:30 A.M. to 12:30 P.M.,3,316335,DRONE TECHNOLOGY,EJ-6-K
87,8,04-05-2026,Morning,09:30 A.M. to 12:30 P.M.,3,316340,VLSI APPLICATIONS,EJ-6-K
88,8,04-05-2026,Morning,09:30 A.M. to 12:30 P.M.,3,316359,COMPUTER INTEGRATED MANUFACTURING SYSTEMS,ME-6-K
89,8,04-05-2026,Morning,09:30 A.M. to 12:30 P.M.,3,316364,ALTERNATIVE ENERGY SOURCES AND ENERGY MANAGEMENT,ME-6-K
90,8,04-05-2026,Morning,09:30 A.M. to 12:30 P.M.,3,316365,COLD CHAIN MANAGEMENT,ME-6-K
91,8,04-05-2026,Afternoon,02:00 P.M. to 05:00 P.M.,3,22301,ADVANCED SURVEYING,CE-3-I
92,8,04-05-2026,Afternoon,02:00 P.M. to 05:00 P.M.,3,22310,BASIC ELECTRICAL AND ELECTRONICS ENGINEERING,ME-3-I
93,8,04-05-2026,Afternoon,02:00 P.M. to 05:00 P.M.,3,22316,OBJECT ORIENTED PROGRAMMING USING C++,CO-3-I
94,8,04-05-2026,Afternoon,02:00 P.M. to 05:00 P.M.,3,22330,ELECTRIC CIRCUITS AND NETWORKS,EJ-3-I
95,8,04-05-2026,Afternoon,02:00 P.M. to 05:00 P.M.,3,313303,DIGITAL TECHNIQUES,"EJ-3-K, CO-3-K"
96,8,04-05-2026,Afternoon,02:00 P.M. to 05:00 P.M.,3,313310,THERMAL ENGINEERING,ME-3-K
97,8,04-05-2026,Afternoon,02:00 P.M. to 05:00 P.M.,3,313322,CONCRETE TECHNOLOGY,CE-3-K
98,9,05-05-2026,Morning,09:30 A.M. to 12:30 P.M.,3,22404,GEO-TECHNICAL ENGINEERING,"CE-4-I, CE-4-G, CE-4-E, CE-4-C"
99,9,05-05-2026,Morning,09:30 A.M. to 12:30 P.M.,3,22414,DATA COMMUNICATION AND COMPUTER NETWORK,CO-4-I
100,9,05-05-2026,Morning,09:30 A.M. to 12:30 P.M.,3,22425,CONSUMER ELECTRONICS,EJ-4-I
101,9,05-05-2026,Morning,09:30 A.M. to 12:30 P.M.,3,314312,"RAILWAY, BRIDGE AND TUNNEL ENGINEERING",CE-4-K
102,9,05-05-2026,Morning,09:30 A.M. to 12:30 P.M.,3,314321,MICROPROCESSOR PROGRAMMING,CO-4-K
103,9,05-05-2026,Morning,09:30 A.M. to 12:30 P.M.,3,314327,CONSUMER ELECTRONIC SYSTEMS,EJ-4-K
104,9,05-05-2026,Afternoon,02:00 P.M. to 05:00 P.M.,3,22101,ENGLISH,"CE-1-I, CO-1-I, EJ-1-I, ME-1-I, ME-1-G"
105,9,05-05-2026,Afternoon,02:00 P.M. to 05:00 P.M.,3,311303,COMMUNICATION SKILLS (ENGLISH),"ME-1-K, CO-1-K, CE-1-K, EJ-1-K"
106,10,06-05-2026,Morning,09:30 A.M. to 12:30 P.M.,3,22204,CONSTRUCTION MATERIALS,"CE-2-I, CE-2-G"
107,10,06-05-2026,Morning,09:30 A.M. to 01:30 P.M.,4,22207,ENGINEERING DRAWING,"ME-2-I, ME-2-G, ME-2-E"
108,10,06-05-2026,Morning,09:30 A.M. to 12:30 P.M.,3,312315,ELEMENTS OF ELECTRICAL ENGINEERING,"EJ-2-K, EJ-2-I, CO-2-I"
109,10,06-05-2026,Afternoon,02:00 P.M. to 05:00 P.M.,3,22520,ADVANCED COMPUTER NETWORK  (ELECTIVE-I),CO-5-I
110,10,06-05-2026,Afternoon,02:00 P.M. to 05:00 P.M.,3,22534,INDUSTRIAL AUTOMATION,EJ-5-I
111,10,06-05-2026,Afternoon,02:00 P.M. to 05:00 P.M.,3,22535,MICROWAVE AND RADAR,EJ-5-I
112,10,06-05-2026,Afternoon,02:00 P.M. to 05:00 P.M.,3,22562,POWER ENGINEERING AND REFRIGERATION,"ME-5-I, ME-5-G, ME-5-E"
113,11,07-05-2026,Morning,09:30 A.M. to 12:30 P.M.,3,22605,SOLID WASTE MANAGEMENT,"CE-6-I, CE-6-G"
114,11,07-05-2026,Morning,09:30 A.M. to 12:30 P.M.,3,22606,EARTHQUAKE RESISTANT BUILDINGS,CE-6-I
115,11,07-05-2026,Morning,09:30 A.M. to 01:30 P.M.,4,22607,ADVANCED DESIGN OF STRUCTURES,CE-6-I
116,11,07-05-2026,Morning,09:30 A.M. to 12:30 P.M.,3,22619,WEB BASED APPLICATION DEVELOPMENT USING PHP,CO-6-I
117,11,07-05-2026,Morning,09:30 A.M. to 12:30 P.M.,3,22620,NETWORK AND INFORMATION SECURITY,CO-6-I
118,11,07-05-2026,Morning,09:30 A.M. to 12:30 P.M.,3,22621,DATA WAREHOUSING WITH MINING TECHNIQUES,CO-6-I
119,11,07-05-2026,Morning,09:30 A.M. to 12:30 P.M.,3,22639,VERY LARGE SCALE INTEGRATION,EJ-6-G
120,11,07-05-2026,Morning,09:30 A.M. to 12:30 P.M.,3,316310,BUILDING SERVICES,CE-6-K
121,11,07-05-2026,Morning,09:30 A.M. to 12:30 P.M.,3,316312,SOLID WASTE MANAGEMENT,CE-6-K
122,11,07-05-2026,Morning,09:30 A.M. to 12:30 P.M.,3,316363,INDUSTRIAL HYDRAULICS AND PNEUMATICS,ME-6-K
123,11,07-05-2026,Afternoon,02:00 P.M. to 05:00 P.M.,3,22302,HIGHWAY ENGINEERING,CE-3-I
124,11,07-05-2026,Afternoon,02:00 P.M. to 05:00 P.M.,3,22318,COMPUTER GRAPHICS,CO-3-I
125,11,07-05-2026,Afternoon,02:00 P.M. to 05:00 P.M.,3,22329,APPLIED ELECTRONICS,"EJ-3-I, EJ-3-G, EJ-3-E"
126,11,07-05-2026,Afternoon,02:00 P.M. to 05:00 P.M.,3,313304,OBJECT ORIENTED PROGRAMMING USING C++,CO-3-K
127,11,07-05-2026,Afternoon,02:00 P.M. to 05:00 P.M.,3,313323,HIGHWAY ENGINEERING,CE-3-K
128,11,07-05-2026,Afternoon,02:00 P.M. to 05:00 P.M.,3,313326,PRINCIPLES OF ELECTRONIC COMMUNICATION,EJ-3-K
129,12,08-05-2026,Morning,09:30 A.M. to 12:30 P.M.,3,22403,RAILWAY AND BRIDGE ENGINEERING,"CE-4-I, CE-4-G, CE-2-A"
130,12,08-05-2026,Morning,09:30 A.M. to 12:30 P.M.,3,22415,MICROPROCESSORS,"CO-4-I, CO-4-G, CO-4-E"
131,12,08-05-2026,Morning,09:30 A.M. to 12:30 P.M.,3,22428,DIGITAL COMMUNICATION SYSTEMS,EJ-4-I
132,12,08-05-2026,Morning,09:30 A.M. to 12:30 P.M.,3,22443,MECHANICAL ENGINEERING MEASUREMENTS,ME-4-I
133,12,08-05-2026,Morning,09:30 A.M. to 12:30 P.M.,3,314314,WATER AND WASTEWATER ENGINEERING,CE-4-K
134,12,08-05-2026,Morning,09:30 A.M. to 12:30 P.M.,3,314328,MICROCONTROLLER & APPLICATIONS,EJ-4-K
135,12,08-05-2026,Morning,09:30 A.M. to 12:30 P.M.,3,314340,PRODUCTION PROCESSES,ME-4-K
136,12,08-05-2026,Afternoon,02:00 P.M. to 05:00 P.M.,3,311302,BASIC MATHEMATICS,"EJ-1-K, CO-1-K, ME-1-K, CE-1-K, CE-1-I, CO-1-I, EJ-1-I, ME-1-I, CE-1-G, ME-1-G"
137,13,11-05-2026,Morning,09:30 A.M. to 12:30 P.M.,3,312303,PROGRAMMING IN C,"CO-2-K, CO-2-I, EJ-2-I, CO-2-G"
138,13,11-05-2026,Morning,09:30 A.M. to 12:30 P.M.,3,312313,MANUFACTURING TECHNOLOGY,ME-2-K
139,13,11-05-2026,Morning,09:30 A.M. to 12:30 P.M.,3,312339,SURVEYING,"CE-2-K, CE-2-I"
140,13,11-05-2026,Afternoon,02:00 P.M. to 05:00 P.M.,3,22505,RURAL DEVELOPMENT  (ELECTIVE-I),CE-5-I
141,13,11-05-2026,Afternoon,02:00 P.M. to 05:00 P.M.,3,22506,ENERGY CONSERVATION AND GREEN BUILDING  (ELECTIVE-I),CE-5-I
142,13,11-05-2026,Afternoon,02:00 P.M. to 05:00 P.M.,3,22507,TRAFFIC ENGINEERING  (ELECTIVE-I),CE-5-I
143,13,11-05-2026,Afternoon,02:00 P.M. to 05:00 P.M.,3,22508,PRECAST AND PRE-STRESSED CONCRETE  (ELECTIVE-I),CE-5-I
144,13,11-05-2026,Afternoon,02:00 P.M. to 05:00 P.M.,3,22565,TOOL ENGINEERING  (ELECTIVE-I),ME-5-I
145,13,11-05-2026,Afternoon,02:00 P.M. to 05:00 P.M.,3,22566,POWER PLANT ENGINEERING  (ELECTIVE-I),ME-5-I
146,14,12-05-2026,Morning,09:30 A.M. to 12:30 P.M.,3,22604,BUILDING SERVICES,CE-6-I
147,14,12-05-2026,Morning,09:30 A.M. to 12:30 P.M.,3,22643,MECHATRONICS,EJ-6-I
148,14,12-05-2026,Morning,09:30 A.M. to 12:30 P.M.,3,22647,OPTICAL NETWORKS AND SATELLITE COMMUNICATION,EJ-6-I
149,14,12-05-2026,Morning,09:30 A.M. to 12:30 P.M.,3,22658,COMPUTER INTEGRATED MANUFACTURING,ME-6-I
150,14,12-05-2026,Morning,09:30 A.M. to 12:30 P.M.,3,22660,REFRIGERATION AND AIR CONDITIONING,"ME-6-I, ME-6-G, ME-6-E, ME-6-C"
151,14,12-05-2026,Morning,09:30 A.M. to 12:30 P.M.,3,22661,RENEWABLE ENERGY TECHNOLOGY,ME-6-I
152,14,12-05-2026,Afternoon,02:00 P.M. to 05:00 P.M.,3,22304,BUILDING CONSTRUCTION,"CE-3-I, CE-3-G"
153,14,12-05-2026,Afternoon,02:00 P.M. to 05:00 P.M.,3,22334,PRINCIPLES OF ELECTRONIC COMMUNICATION,EJ-3-I
154,14,12-05-2026,Afternoon,02:00 P.M. to 05:00 P.M.,3,22342,ENGINEERING METROLOGY,ME-3-I
155,14,12-05-2026,Afternoon,02:00 P.M. to 05:00 P.M.,3,313309,FLUID MECHANICS AND MACHINERY,ME-3-K
156,15,13-05-2026,Morning,09:30 A.M. to 01:30 P.M.,4,22405,BUILDING PLANNING AND DRAWING,CE-4-I
157,15,13-05-2026,Morning,09:30 A.M. to 12:30 P.M.,3,22427,BASIC POWER ELECTRONICS,EJ-4-I
158,15,13-05-2026,Morning,09:30 A.M. to 12:30 P.M.,3,22438,THEORY OF MACHINES,"ME-4-I, ME-4-G, ME-4-E, ME-4-C"
159,15,13-05-2026,Morning,09:30 A.M. to 12:30 P.M.,3,314315,GEOTECHNICAL ENGINEERING,CE-4-K
160,15,13-05-2026,Morning,09:30 A.M. to 12:30 P.M.,3,314363,BASIC POWER ELECTRONICS,EJ-4-K
161,16,14-05-2026,Morning,09:30 A.M. to 12:30 P.M.,3,312312,ENGINEERING MECHANICS,"CE-2-K, ME-2-K, CE-2-I, ME-2-I, CE-2-G, ME-2-G"
162,16,14-05-2026,Morning,09:30 A.M. to 12:30 P.M.,3,312314,BASIC ELECTRONICS,"EJ-2-K, EJ-2-I"
163,16,14-05-2026,Afternoon,02:00 P.M. to 05:00 P.M.,3,22504,PUBLIC HEALTH ENGINEERING,"CE-5-I, CE-5-G, CE-6-E"
164,16,14-05-2026,Afternoon,02:00 P.M. to 05:00 P.M.,3,22518,SOFTWARE TESTING,CO-5-I
165,16,14-05-2026,Afternoon,02:00 P.M. to 05:00 P.M.,3,315340,ADVANCE POWER ELECTRONICS,EJ-5-K
166,17,15-05-2026,Morning,09:30 A.M. to 12:30 P.M.,3,313316,METROLOGY AND MEASUREMENT,ME-4-K
167,17,15-05-2026,Afternoon,02:00 P.M. to 05:00 P.M.,3,22317,DATA STRUCTURE USING  ‘C’,"CO-3-I, CO-3-G"
168,17,15-05-2026,Afternoon,02:00 P.M. to 05:00 P.M.,3,22333,ELECTRONIC MEASUREMENTS AND INSTRUMENTATION,EJ-3-I
169,18,16-05-2026,Morning,09:30 A.M. to 12:30 P.M.,3,22426,MICROCONTROLLER AND APPLICATIONS,EJ-4-I
170,18,16-05-2026,Afternoon,02:00 P.M. to 06:00 P.M.,4,22341,MECHANICAL WORKING DRAWING,"ME-3-I, ME-3-G, ME-3-E"
