Title,Media URL,Pinterest board,Thumbnail,Description,Link,Publish date,Keywords
MahaDBT Scholarship Errors & Solutions 2026: Troubleshoot Issues,https://msbtenotes-info.netlify.app/resourse/blog-resourse/mahadbt-errors-thumbnail.png,MSBTE Updates,,"Troubleshoot common MahaDBT scholarship errors like 'Account Closed', 'Aadhaar Not Seeded', and 'KYC Pending' with our complete solution guide.",https://msbtenotes-info.netlify.app/Blog/mahadbt-scholarship-error-solutions.html,2026-02-01,"MahaDBT Errors, Scholarship Rejected, Account Closed, Aadhaar Seeding"
"Aaple Sarkar DBT Portal (Mahadbt) 2026: Login, Registration & New Rules",https://msbtenotes-info.netlify.app/resourse/blog-resourse/aaple-sarkar-dbt-thumbnail.png,MSBTE Updates,,"Official Aaple Sarkar DBT Portal (Mahadbt) 2026 guide. Direct link for Login & Registration. Apply for Post Matric Scholarship, check application status, and get Aadhaar linking help.",https://msbtenotes-info.netlify.app/Blog/aaple-sarkar-dbt-portal-guide.html,2026-02-01,"Mahadbt Login, Aaple Sarkar DBT, Scholarship 2026, Registration"
Post Matric Scholarship to OBC Students (2025-26): Eligibility & Benefits,https://msbtenotes-info.netlify.app/resourse/blog-resourse/obc-scholarship-thumbnail.png,MSBTE Updates,,Apply for Post Matric Scholarship to OBC Students. Get 50-100% fee waiver & maintenance allowance. Check eligibility & documents.,https://msbtenotes-info.netlify.app/Blog/post-matric-scholarship-obc.html,2026-01-31,"OBC Scholarship, Mahadbt, Scholarship, MSBTE"
MSBTE Academic Calendar 2025-26: Key Dates for Exams & Terms,https://msbtenotes-info.netlify.app/resourse/blog-resourse/msbte-academic-calendar-2025-26.png,MSBTE Updates,,"MSBTE Academic Calendar 2025-26 Released: Check Winter 2025 & Summer 2026 exam dates, term start/end schedule, and class test timetable for Diploma students.",https://msbtenotes-info.netlify.app/Blog/msbte-academic-calendar-2025-26.html,2026-01-31,"MSBTE, Exam Date, Academic Calendar, Winter 2025"
"UGC Reforms 2026: New Rules for PhD, Faculty & Foreign Campuses",https://msbtenotes-info.netlify.app/resourse/blog-resourse/ugc-new-rules-2026.png,MSBTE Updates,,"Breakdown of UGC's 2026 reforms: New Anti-Discrimination rules, Direct PhD after 4-year UG, Faculty recruitment changes, and Foreign University campuses in India.",https://msbtenotes-info.netlify.app/Blog/ugc-new-rules-2026.html,2026-01-31,"UGC, Education News, PhD Rules, India"
Programming in C (312303) Notes PDF | MSBTE K-Scheme 2nd Sem,https://msbtenotes-info.netlify.app/resourse/blog-resourse/programming-in-c-312303.png,MSBTE Updates,,"Download free Programming in C (312303) notes PDF for MSBTE K-Scheme Semester 2. Includes unit-wise study material, important questions, and solved examples.",https://msbtenotes-info.netlify.app/Blog/programming-in-c-312303.html,2026-01-29,"C Programming, Notes, MSBTE, Diploma, PDF Download"
NITI Aayog Internship 2026 Apply Online - Eligibility & Date,https://msbtenotes-info.netlify.app/resourse/blog-resourse/niti-aayog-internship-2026.png,MSBTE Updates,,"Apply online for NITI Aayog Internship 2026. Official government internship for Engineering, Management, Law & Policy students. Check eligibility, stipend, and direct link.",https://msbtenotes-info.netlify.app/Blog/niti-aayog-internship-2026.html,2026-01-29,"Internship, Government, NITI Aayog, Career"
Computer Engineering Diploma All Semester Subject Notes and Books,https://msbtenotes-info.netlify.app/resourse/blog-resourse/computer-engineering-diploma-notes.svg,MSBTE Updates,,"Download all semester subject notes, books, and manuals for MSBTE Computer Engineering Diploma (K-Scheme). Access free PDFs for Sem 1 to 6.",https://msbtenotes-info.netlify.app/Blog/computer-engineering-diploma-notes.html,2026-01-29,
Ajit Pawar Death News: Maharashtra Deputy CM Dies in Tragic Plane Crash in Baramati,https://msbtenotes-info.netlify.app/resourse/blog-resourse/ajit-pawar-death-news.png,MSBTE Updates,,"Maharashtra Deputy CM Ajit Pawar dies in a tragic plane crash in Baramati. Read the latest updates on the crash investigation, 3-day state mourning, and funeral details.",https://msbtenotes-info.netlify.app/Blog/ajit-pawar-death-news.html,2026-01-31,
Top Engineering Colleges in Pune 2026 | Best Options for Engineering Aspirants,https://msbtenotes-info.netlify.app/resourse/blog-resourse/top-engineering-colleges-pune.png,MSBTE Updates,,"Discover the top engineering colleges in Pune including COEP, PICT, VIT, AIT, and IIIT. Compare placements and highlights.",https://msbtenotes-info.netlify.app/Blog/top-engineering-colleges-pune.html,2026-01-31,
MSBTE Winter 2025: Your Guide to Photocopy & Re-Evaluation,https://msbtenotes-info.netlify.app/resourse/blog-resourse/msbte-winter-2025-photocopy-reevaluation.png,MSBTE Updates,,Complete guide on MSBTE Winter 2025 Photocopy & Re-Evaluation process with Digital Evaluation updates.,https://msbtenotes-info.netlify.app/Blog/msbte-winter-2025-photocopy-reevaluation.html,2026-01-31,
100+ Microproject Ideas for 4th Sem Computer Engineering (MSBTE K-Scheme),https://msbtenotes-info.netlify.app/resourse/blog-resourse/4th-sem-computer-microprojects.png,MSBTE Updates,,"Get 100+ innovative microproject ideas for MSBTE 4th Sem Computer Engineering (Java, Python, DCN, MIC).",https://msbtenotes-info.netlify.app/Notes/4th-sem-computer-microprojects.html,2026-01-31,
🔴 MSBTE Result Update 2025 | Result Declared Today at 2:00 PM,https://msbtenotes-info.netlify.app/resourse/blog-resourse/msbte-result-update-jan-2025.jpg,MSBTE Updates,,Breaking: MSBTE Winter 2025 Result will be declared TODAY 2nd January at 2:00 PM. Check official links and steps to view your result.,https://msbtenotes-info.netlify.app/Blog/msbte-result-update-jan-2025.html,2026-01-31,
"MSBTE Winter 2025 Result OUT: Revaluation, Photocopy & Grace Marks Rules Explained",https://msbtenotes-info.netlify.app/resourse/blog-resourse/msbte-winter-2025-result-revaluation.png,MSBTE Updates,,"Complete guide on MSBTE Winter 2025 Result - Check result, apply for revaluation, understand photocopy vs revaluation, grace marks eligibility, and what to do after result.",https://msbtenotes-info.netlify.app/Blog/msbte-winter-2025-result-revaluation-guide.html,2026-01-31,
MSBTE Winter 2025 Result Date & How to Check,https://msbtenotes-info.netlify.app/resourse/blog-resourse/msbte-winter-2025-result.png,MSBTE Updates,,"Check MSBTE Winter 2025 result date, checking process, and mark sheet details.",https://msbtenotes-info.netlify.app/Blog/msbte-winter-2025-result.html,2026-01-31,
DATABASE MANAGEMENT SYSTEM – Guss Paper (Free Version),https://msbtenotes-info.netlify.app/resourse/blog-resourse/dbms-guess-paper-free.png,MSBTE Updates,,"A free 30-mark guess paper for the MSBTE K-Scheme DBMS (313302) exam, perfect for quick revision.",https://msbtenotes-info.netlify.app/Blog/dbms-guess-paper-free.html,2026-01-31,
Cloud Computing (315325) - Complete Study Guide for MSBTE K-Scheme,https://msbtenotes-info.netlify.app/resourse/branch-resourse/cloud-computing-banner.png,MSBTE Updates,,"A complete resource hub for Cloud Computing with syllabus, notes, video lectures, and micro-project ideas.",https://msbtenotes-info.netlify.app/Branches/315325-cloud-computing.html,2026-01-31,
"MSBTE Winter 2025 Exam Study Strategies — जुनी मेहनत, नवी स्मार्टनेस!",https://msbtenotes-info.netlify.app/resourse/blog-resourse/msbte-winter-2025-study-strategies.png,MSBTE Updates,,जुनी मेहनत आणि नवी स्मार्टनेस वापरून MSBTE परीक्षेत यश कसे मिळवायचे ते शिका.,https://msbtenotes-info.netlify.app/Blog/msbte-winter-2025-study-strategies.html,2026-01-31,
MSBTE Winter 2025 Theory Examination Timetable: Complete Guide with Exam Dates & Schedule,https://msbtenotes-info.netlify.app/resourse/blog-resourse/time-table-2025.png,MSBTE Updates,,Download the official theory exam timetable and get key preparation tips for your diploma exams.,https://msbtenotes-info.netlify.app/Blog/msbte-winter-2025-timetable.html,2026-01-31,
MSBTE Winter 2025 Hall Ticket Download | Official Link & Guide,https://msbtenotes-info.netlify.app/resourse/blog-resourse/msbte-winter-2025-hall-ticket.png,MSBTE Updates,,Official guide to download your admit card using your enrollment or seat number.,https://msbtenotes-info.netlify.app/Blog/msbte-winter-2025-hall-ticket.html,2026-01-31,
Happy Engineer's Day 2025: Celebrating Innovation and Building the Future,https://msbtenotes-info.netlify.app/resourse/blog-resourse/engineering-day-2025.png,MSBTE Updates,,Learn the history and significance of Engineer's Day and discover resources to fuel your own engineering journey.,https://msbtenotes-info.netlify.app/Blog/engineering-day-2025.html,2026-01-31,
Advanced Java Handwritten Notes - Free PDF Download,https://msbtenotes-info.netlify.app/resourse/blog-resourse/advanced-java-notes.png,MSBTE Updates,,"Download free handwritten notes covering Servlets, JSP, JDBC, and more for your exam preparation.",https://msbtenotes-info.netlify.app/Notes/advanced-java-notes.html,2026-01-31,
"MSBTE K-Scheme Question Banks | All Branches (CO, ME, CE, EE, IT, E&TC)",https://msbtenotes-info.netlify.app/resourse/blog-resourse/msbte-k-scheme-question-banks.png,MSBTE Updates,,Your central hub for all K-Scheme question banks for every department.,https://msbtenotes-info.netlify.app/Notes/msbte-k-scheme-question-banks.html,2026-01-31,
MSBTE Electrical Engineering Question Bank (K-Scheme) | All Semesters,https://msbtenotes-info.netlify.app/resourse/blog-resourse/msbte-electrical-engg-question-bank.png,MSBTE Updates,,Download semester-wise K-Scheme question banks for Electrical Engineering.,https://msbtenotes-info.netlify.app/Notes/msbte-electrical-engg-question-bank.html,2026-01-31,
MSBTE Civil Engineering Question Bank (K-Scheme) | All Semesters,https://msbtenotes-info.netlify.app/resourse/blog-resourse/msbte-civil-engg-question-bank.png,MSBTE Updates,,Download semester-wise K-Scheme question banks for Civil Engineering.,https://msbtenotes-info.netlify.app/Notes/msbte-civil-engg-question-bank.html,2026-01-31,
MSBTE Mechanical Engineering Question Bank (K-Scheme) | All Semesters,https://msbtenotes-info.netlify.app/resourse/blog-resourse/msbte-mech-engg-question-bank.png,MSBTE Updates,,Download semester-wise K-Scheme question banks for Mechanical Engineering.,https://msbtenotes-info.netlify.app/Notes/msbte-mech-engg-question-bank.html,2026-01-31,
MSBTE Information Technology Question Bank (K-Scheme) | All Semesters,https://msbtenotes-info.netlify.app/resourse/blog-resourse/msbte-it-engg-question-bank.png,MSBTE Updates,,Download semester-wise K-Scheme question banks for IT Engineering.,https://msbtenotes-info.netlify.app/Notes/msbte-it-engg-question-bank.html,2026-01-31,
MSBTE Electronics & Telecomm. Question Bank (K-Scheme) | All Semesters,https://msbtenotes-info.netlify.app/resourse/blog-resourse/msbte-etc-engg-question-bank.png,MSBTE Updates,,Download semester-wise K-Scheme question banks for E&TC Engineering.,https://msbtenotes-info.netlify.app/Notes/msbte-etc-engg-question-bank.html,2026-01-31,
MSBTE Computer Engineering Question Bank (K-Scheme) | All Semesters,https://msbtenotes-info.netlify.app/resourse/blog-resourse/msbte-computer-engg-question-bank.png,MSBTE Updates,,Download semester-wise K-Scheme question banks for Computer Engineering.,https://msbtenotes-info.netlify.app/Notes/msbte-computer-engg-question-bank.html,2026-01-31,
Naukri Campus Young Turks 2025 — Skill Assessment Test (SAT),https://msbtenotes-info.netlify.app/resourse/blog-resourse/naukri-young-turks-2025.png,MSBTE Updates,,Compete for a ₹20 Lakh prize pool in this national skill test.,https://msbtenotes-info.netlify.app/Blog/naukri-young-turks-2025.html,2026-01-31,
20 Best Python & Web Development Microproject Ideas for Beginners,https://msbtenotes-info.netlify.app/resourse/blog-resourse/20-microproject-ideas-web.png,MSBTE Updates,,"Beginner-friendly projects using HTML, CSS, JS, and Python.",https://msbtenotes-info.netlify.app/Notes/20-microproject-ideas-web.html,2026-01-31,
20 Best Computer Networks Microproject Ideas for Diploma Students,https://msbtenotes-info.netlify.app/resourse/blog-resourse/20-microproject-ideas-cn.png,MSBTE Updates,,"Master networking with Packet Tracer, subnetting, and socket programming.",https://msbtenotes-info.netlify.app/Notes/20-microproject-ideas-cn.html,2026-01-31,
20 Best Software Engineering Microproject Ideas for Diploma Students,https://msbtenotes-info.netlify.app/resourse/blog-resourse/20-microproject-ideas-se.png,MSBTE Updates,,"Learn to create SRS documents, UML diagrams, test plans, and more.",https://msbtenotes-info.netlify.app/Notes/20-microproject-ideas-se.html,2026-01-31,
20 Best Operating System Microproject Ideas for Diploma Students (C++/Linux),https://msbtenotes-info.netlify.app/resourse/blog-resourse/20-microproject-ideas-os.png,MSBTE Updates,,"Projects on scheduling, deadlock detection, and memory management.",https://msbtenotes-info.netlify.app/Notes/20-microproject-ideas-os.html,2026-01-31,
20 Best DBMS Microproject Ideas for Diploma Students (SQL),https://msbtenotes-info.netlify.app/resourse/blog-resourse/20-microproject-ideas-dbms.png,MSBTE Updates,,"Master SQL with projects on normalization, joins, and transactions.",https://msbtenotes-info.netlify.app/Notes/20-microproject-ideas-dbms.html,2026-01-31,
20 Best OOP Microproject Ideas for Diploma Students (C++/Java),https://msbtenotes-info.netlify.app/resourse/blog-resourse/20-microproject-ideas-oop.png,MSBTE Updates,,"Practice encapsulation, inheritance, and polymorphism with C++/Java.",https://msbtenotes-info.netlify.app/Notes/20-microproject-ideas-oop.html,2026-01-31,
Top 5 Must-Have Skills Every Engineer Needs in 2025 to Succeed,https://msbtenotes-info.netlify.app/resourse/blog-resourse/5-skills-for-engg.png,MSBTE Updates,,"A roadmap covering coding, AI tools, cloud, and adaptability.",https://msbtenotes-info.netlify.app/Blog/skills-2025.html,2026-01-31,
MSBTE Winter 2025 Exam Form Fill up Dates & Official Link,https://msbtenotes-info.netlify.app/resourse/blog-resourse/Msbte-winter-2025-exam-form.png,MSBTE Updates,,"Deadlines, late fees, and step-by-step guide for students.",https://msbtenotes-info.netlify.app/Blog/Msbte-winter-2025-exam-form.html,2026-01-31,
Five Free Certificate Courses to Advance Your Career Toward MAANG-Level Roles,https://msbtenotes-info.netlify.app/resourse/blog-resourse/5 Free Certificate Courses.PNG,MSBTE Updates,,"Certificates in AI, ML, Cloud, and more from top companies.",https://msbtenotes-info.netlify.app/Blog/5-Free-Courses.html,2026-01-31,
