Branch,Semester,Subject Name,Syllabus PDF Link
Computer Technology,First Year First Semester,311302-BASIC MATHEMATICS,http://bvcoelp.bharatividyapeeth.edu/iotmumbai/media/pdf/311302-BASIC_MATHEMATICS_210923.pdf
Computer Technology,First Year First Semester,311305-BASIC SCIENCE,http://bvcoelp.bharatividyapeeth.edu/iotmumbai/media/pdf/311305-BASIC_SCIENCE_210923.pdf
Computer Technology,First Year First Semester,311303-COMMUNICATION SKILLS (ENGLISH),http://bvcoelp.bharatividyapeeth.edu/iotmumbai/media/pdf/311303-COMMUNICATION_SKILLS_(ENGLISH)_210923.pdf
Computer Technology,First Year First Semester,311008-ENGINEERING GRAPHICS,http://bvcoelp.bharatividyapeeth.edu/iotmumbai/media/pdf/311008-ENGINEERING_GRAPHICS_210923.pdf
Computer Technology,First Year First Semester,311002-ENGINEERING WORKSHOP PRACTICE,http://bvcoelp.bharatividyapeeth.edu/iotmumbai/media/pdf/311002-ENGINEERING_WORKSHOP_PRACTICE_210923.pdf
Computer Technology,First Year First Semester,311001-FUNDAMENTALS OF ICT,http://bvcoelp.bharatividyapeeth.edu/iotmumbai/media/pdf/311001-FUNDAMENTALS_OF_ICT_210923.pdf
Computer Technology,First Year First Semester,311003-YOGA AND MEDITATION,http://bvcoelp.bharatividyapeeth.edu/iotmumbai/media/pdf/311003-YOGA_AND_MEDITATION_210923.pdf
Computer Technology,First Year Second Semester,312001-LINUX BASICS,http://bvcoelp.bharatividyapeeth.edu/iotmumbai/media/pdf/312001-LINUX_BASICS_271223.pdf
Computer Technology,First Year Second Semester,312002-PROFESSIONAL COMMUNICATION,http://bvcoelp.bharatividyapeeth.edu/iotmumbai/media/pdf/312002-PROFESSIONAL_COMMUNICATION_271223.pdf
Computer Technology,First Year Second Semester,312003-SOCIAL AND LIFE SKILLS,http://bvcoelp.bharatividyapeeth.edu/iotmumbai/media/pdf/312003-SOCIAL_AND_LIFE_SKILLS_271223.pdf
Computer Technology,First Year Second Semester,312004-WEB PAGE DESIGNING,http://bvcoelp.bharatividyapeeth.edu/iotmumbai/media/pdf/312004-WEB_PAGE_DESIGNING_271223.pdf
Computer Technology,First Year Second Semester,312301-APPLIED MATHEMATICS,http://bvcoelp.bharatividyapeeth.edu/iotmumbai/media/pdf/312301-APPLIED_MATHEMATICS_271223.pdf
Computer Technology,First Year Second Semester,312302-BASIC ELECTRICAL AND ELECTRONICS ENGINEERING,http://bvcoelp.bharatividyapeeth.edu/iotmumbai/media/pdf/312302-BASIC_ELECTRICAL_AND_ELECTRONICS_ENGINEERING_271223.pdf
Computer Technology,First Year Second Semester,312303-PROGRAMMING IN C,http://bvcoelp.bharatividyapeeth.edu/iotmumbai/media/pdf/312303-PROGRAMMING_IN_C_271223.pdf
Computer Technology,Second Year Third Semester,313301 - DATA STRUCTURE USING C,http://bvcoelp.bharatividyapeeth.edu/iotmumbai/media/pdf/313301-DATA_STRUCTURE_USING_C_030724.pdf
Computer Technology,Second Year Third Semester,313302 - DATABASE MANAGEMENT SYSTEM,http://bvcoelp.bharatividyapeeth.edu/iotmumbai/media/pdf/313302-DATABASE_MANAGEMENT_SYSTEM_030724.pdf
Computer Technology,Second Year Third Semester,313303 - DIGITAL TECHNIQUES,http://bvcoelp.bharatividyapeeth.edu/iotmumbai/media/pdf/313303-DIGITAL_TECHNIQUES_030724.pdf
Computer Technology,Second Year Third Semester,313304 - OBJECT ORIENTED PROGRAMMING USING C++,http://bvcoelp.bharatividyapeeth.edu/iotmumbai/media/pdf/313304-OBJECT_ORIENTED_PROGRAMMING_USING_C++_030724.pdf
Computer Technology,Second Year Third Semester,313001 - COMPUTER GRAPHICS,http://bvcoelp.bharatividyapeeth.edu/iotmumbai/media/pdf/313001-COMPUTER_GRAPHICS_030724.pdf
Computer Technology,Second Year Third Semester,313002 - ESSENCE OF INDIAN CONSTITUTION,http://bvcoelp.bharatividyapeeth.edu/iotmumbai/media/pdf/313002-ESSENCE_OF_INDIAN_CONSTITUTION_030724.pdf
Computer Technology,Second Year Fourth Semester,314301 - ENVIRONMENTAL EDUCATION AND SUSTAINABILITY,http://bvcoelp.bharatividyapeeth.edu/iotmumbai/media/pdf/314301-ENVIRONMENTAL_EDUCATION_AND_SUSTAINABILITY_281124.pdf
Computer Technology,Second Year Fourth Semester,314317 - JAVA PROGRAMMING,http://bvcoelp.bharatividyapeeth.edu/iotmumbai/media/pdf/314317-JAVA_PROGRAMMING_281124.pdf
Computer Technology,Second Year Fourth Semester,314318 - DATA COMMUNICATION AND COMPUTER NETWORK,http://bvcoelp.bharatividyapeeth.edu/iotmumbai/media/pdf/314318-DATA_COMMUNICATION_AND_COMPUTER_NETWORK_281124.pdf
Computer Technology,Second Year Fourth Semester,314321 - MICROPROCESSOR PROGRAMMING,http://bvcoelp.bharatividyapeeth.edu/iotmumbai/media/pdf/314321-MICROPROCESSOR_PROGRAMMING_281124.pdf
Computer Technology,Second Year Fourth Semester,314004 - PYTHON PROGRAMMING,http://bvcoelp.bharatividyapeeth.edu/iotmumbai/media/pdf/314004-PYTHON_PROGRAMMING_281124.pdf
Computer Technology,Second Year Fourth Semester,314005 - UI UX DESIGN,http://bvcoelp.bharatividyapeeth.edu/iotmumbai/media/pdf/314005-UI_UX_DESIGN_281124.pdf
Computer Technology,Third Year Fifth Semester,315319-OPERATING SYSTEM,http://bvcoelp.bharatividyapeeth.edu/iotmumbai/media/pdf/315319-OPERATING_SYSTEM_120625.pdf
Computer Technology,Third Year Fifth Semester,315323-SOFTWARE ENGINEERING,http://bvcoelp.bharatividyapeeth.edu/iotmumbai/media/pdf/315323-SOFTWARE_ENGINEERING_120625.pdf
Computer Technology,Third Year Fifth Semester,315002-ENTREPRENEURSHIP DEVELOPMENT AND STARTUPS,http://bvcoelp.bharatividyapeeth.edu/iotmumbai/media/pdf/315002-ENTREPRENEURSHIP_DEVELOPMENT_AND_STARTUPS_120625.pdf
Computer Technology,Third Year Fifth Semester,315003-SEMINAR AND PROJECT INITIATION COURSE,http://bvcoelp.bharatividyapeeth.edu/iotmumbai/media/pdf/315003-SEMINAR_AND_PROJECT_INITIATION_COURSE_120625.pdf
Computer Technology,Third Year Fifth Semester,315004-INTERNSHIP 12 WEEKS,http://bvcoelp.bharatividyapeeth.edu/iotmumbai/media/pdf/315004-INTERNSHIP12_WEEKS_120625.pdf
Computer Technology,Third Year Fifth Semester,315321-ADVANCE COMPUTER NETWORK (Elective),http://bvcoelp.bharatividyapeeth.edu/iotmumbai/media/pdf/315321-ADVANCE_COMPUTER_NETWORK_120625.pdf
Computer Technology,Third Year Fifth Semester,315325-CLOUD COMPUTING (Elective),http://bvcoelp.bharatividyapeeth.edu/iotmumbai/media/pdf/315325-CLOUD_COMPUTING_120625.pdf
Computer Technology,Third Year Fifth Semester,315326-DATA ANALYTICS (Elective),http://bvcoelp.bharatividyapeeth.edu/iotmumbai/media/pdf/315326-DATA_ANALYTICS_120625.pdf
Computer Technology,Third Year Sixth Semester,315301 - MANAGEMENT,http://bvcoelp.bharatividyapeeth.edu/iotmumbai/media/pdf/315301-MANAGEMENT_090925.pdf
Computer Technology,Third Year Sixth Semester,316313-EMERGING TRENDS IN COMPUTER ENGINEERING AND INFORMATION TECHNOLOGY,http://bvcoelp.bharatividyapeeth.edu/iotmumbai/media/pdf/316313-EMERGING_TRENDS_IN_COMPUTER_ENGINEERING_AND_INFORMATION_TECHNOLOGY_090925.pdf
Computer Technology,Third Year Sixth Semester,316314-SOFTWARE TESTING,http://bvcoelp.bharatividyapeeth.edu/iotmumbai/media/pdf/316314-SOFTWARE_TESTING_090925.pdf
Computer Technology,Third Year Sixth Semester,316005-CLIENT SIDE SCRIPTING,http://bvcoelp.bharatividyapeeth.edu/iotmumbai/media/pdf/316005-CLIENT_SIDE_SCRIPTING_090925.pdf
Computer Technology,Third Year Sixth Semester,316006-MOBILE APPLICATION DEVELOPMENT,http://bvcoelp.bharatividyapeeth.edu/iotmumbai/media/pdf/316006-MOBILE_APPLICATION_DEVELOPMENT_090925.pdf
Computer Technology,Third Year Sixth Semester,316004-CAPSTONE PROJECT,http://bvcoelp.bharatividyapeeth.edu/iotmumbai/media/pdf/316004-CAPSTONE_PROJECT_090925.pdf
Computer Technology,Third Year Sixth Semester,316315-DIGITAL FORENSIC AND HACKING TECHNIQUES (Elective),http://bvcoelp.bharatividyapeeth.edu/iotmumbai/media/pdf/316315-DIGITAL_FORENSIC_AND_HACKING_TECHNIQUES_090925.pdf
Computer Technology,Third Year Sixth Semester,316316-MACHINE LEARNING (Elective),http://bvcoelp.bharatividyapeeth.edu/iotmumbai/media/pdf/316316-MACHINE_LEARNING_090925.pdf
Computer Technology,Third Year Sixth Semester,316317-NETWORK AND INFORMATION SECURITY (Elective),http://bvcoelp.bharatividyapeeth.edu/iotmumbai/media/pdf/316317-NETWORK_AND_INFORMATION_SECURITY_090925.pdf
Electronics and Telecommunication,First Year First Semester,311302-BASIC MATHEMATICS,http://bvcoelp.bharatividyapeeth.edu/iotmumbai/media/pdf/311302-BASIC_MATHEMATICS_210923.pdf
Electronics and Telecommunication,First Year First Semester,311305-BASIC SCIENCE,http://bvcoelp.bharatividyapeeth.edu/iotmumbai/media/pdf/311305-BASIC_SCIENCE_210923.pdf
Electronics and Telecommunication,First Year First Semester,311303-COMMUNICATION SKILLS (ENGLISH),http://bvcoelp.bharatividyapeeth.edu/iotmumbai/media/pdf/311303-COMMUNICATION_SKILLS_(ENGLISH)_210923.pdf
Electronics and Telecommunication,First Year First Semester,311008-ENGINEERING GRAPHICS,http://bvcoelp.bharatividyapeeth.edu/iotmumbai/media/pdf/311008-ENGINEERING_GRAPHICS_210923.pdf
Electronics and Telecommunication,First Year First Semester,311007-ENGINEERING WORKSHOP PRACTICE,http://bvcoelp.bharatividyapeeth.edu/iotmumbai/media/pdf/311007-ENGINEERING_WORKSHOP_PRACTICE_210923.pdf
Electronics and Telecommunication,First Year First Semester,311001-FUNDAMENTALS OF ICT,http://bvcoelp.bharatividyapeeth.edu/iotmumbai/media/pdf/311001-FUNDAMENTALS_OF_ICT_210923.pdf
Electronics and Telecommunication,First Year First Semester,311003-YOGA AND MEDITATION,http://bvcoelp.bharatividyapeeth.edu/iotmumbai/media/pdf/311003-YOGA_AND_MEDITATION_210923.pdf
Electronics and Telecommunication,First Year Second Semester,312002-PROFESSIONAL COMMUNICATION,http://bvcoelp.bharatividyapeeth.edu/iotmumbai/media/pdf/312002-PROFESSIONAL_COMMUNICATION_271223.pdf
Electronics and Telecommunication,First Year Second Semester,312003-SOCIAL AND LIFE SKILLS,http://bvcoelp.bharatividyapeeth.edu/iotmumbai/media/pdf/312003-SOCIAL_AND_LIFE_SKILLS_271223.pdf
Electronics and Telecommunication,First Year Second Semester,312008-ELECTRONICS WORKSHOP PRACTICE,http://bvcoelp.bharatividyapeeth.edu/iotmumbai/media/pdf/312008-ELECTRONICS_WORKSHOP_PRACTICE_271223.pdf
Electronics and Telecommunication,First Year Second Semester,312009-PROGRAMMING IN C LANGUAGE,http://bvcoelp.bharatividyapeeth.edu/iotmumbai/media/pdf/312009-PROGRAMMING_IN_C_LANGUAGE_271223.pdf
Electronics and Telecommunication,First Year Second Semester,312301-APPLIED MATHEMATICS,http://bvcoelp.bharatividyapeeth.edu/iotmumbai/media/pdf/312301-APPLIED_MATHEMATICS_271223.pdf
Electronics and Telecommunication,First Year Second Semester,312314-BASIC ELECTRONICS,http://bvcoelp.bharatividyapeeth.edu/iotmumbai/media/pdf/312314-BASIC_ELECTRONICS_271223.pdf
Electronics and Telecommunication,First Year Second Semester,312315-ELEMENTS OF ELECTRICAL ENGINEERING,http://bvcoelp.bharatividyapeeth.edu/iotmumbai/media/pdf/312315-ELEMENTS_OF_ELECTRICAL_ENGINEERING_271223.pdf
Electronics and Telecommunication,First Year Second Semester,312316-ELECTRONIC MATERIALS AND COMPONENTS,http://bvcoelp.bharatividyapeeth.edu/iotmumbai/media/pdf/312316-ELECTRONIC_MATERIALS_AND_COMPONENTS_271223.pdf
Electronics and Telecommunication,Second Year Third Semester,313303 - DIGITAL TECHNIQUES,http://bvcoelp.bharatividyapeeth.edu/iotmumbai/media/pdf/313303-DIGITAL_TECHNIQUES_030724.pdf
Electronics and Telecommunication,Second Year Third Semester,313324 - ANALOG ELECTRONICS,http://bvcoelp.bharatividyapeeth.edu/iotmumbai/media/pdf/313324-ANALOG_ELECTRONICS_030724.pdf
Electronics and Telecommunication,Second Year Third Semester,313325 - CIRCUITS & NETWORKS,http://bvcoelp.bharatividyapeeth.edu/iotmumbai/media/pdf/313325-CIRCUITS_NETWORKS_030724.pdf
Electronics and Telecommunication,Second Year Third Semester,313326 - PRINCIPLES OF ELECTRONIC COMMUNICATION,http://bvcoelp.bharatividyapeeth.edu/iotmumbai/media/pdf/313326-PRINCIPLES_OF_ELECTRONIC_COMMUNICATION_030724.pdf
Electronics and Telecommunication,Second Year Third Semester,313002 - ESSENCE OF INDIAN CONSTITUTION,http://bvcoelp.bharatividyapeeth.edu/iotmumbai/media/pdf/313002-ESSENCE_OF_INDIAN_CONSTITUTION_030724.pdf
Electronics and Telecommunication,Second Year Third Semester,313011 - BASIC PYTHON PROGRAMMING,http://bvcoelp.bharatividyapeeth.edu/iotmumbai/media/pdf/313011-BASIC_PYTHON_PROGRAMMING_030724.pdf
Electronics and Telecommunication,Second Year Third Semester,313012 - ELECTRONIC MEASUREMENTS & INSTRUMENTATION,http://bvcoelp.bharatividyapeeth.edu/iotmumbai/media/pdf/313012-ELECTRONIC_MEASUREMENTS_INSTRUMENTATION_030724.pdf
Electronics and Telecommunication,Second Year Fourth Semester,314301 - ENVIRONMENTAL EDUCATION AND SUSTAINABILITY,http://bvcoelp.bharatividyapeeth.edu/iotmumbai/media/pdf/314301-ENVIRONMENTAL_EDUCATION_AND_SUSTAINABILITY_281124.pdf
Electronics and Telecommunication,Second Year Fourth Semester,314326 - DIGITAL COMMUNICATION SYSTEMS,http://bvcoelp.bharatividyapeeth.edu/iotmumbai/media/pdf/314326-DIGITAL_COMMUNICATION_SYSTEMS_281124.pdf
Electronics and Telecommunication,Second Year Fourth Semester,314327 - CONSUMER ELECTRONIC SYSTEMS,http://bvcoelp.bharatividyapeeth.edu/iotmumbai/media/pdf/314327-CONSUMER_ELECTRONIC_SYSTEMS_281124.pdf
Electronics and Telecommunication,Second Year Fourth Semester,314328 - MICROCONTROLLER & APPLICATIONS,http://bvcoelp.bharatividyapeeth.edu/iotmumbai/media/pdf/314328-MICROCONTROLLER_and_APPLICATIONS_281124.pdf
Electronics and Telecommunication,Second Year Fourth Semester,314363 - BASIC POWER ELECTRONICS,http://bvcoelp.bharatividyapeeth.edu/iotmumbai/media/pdf/314363-BASIC_POWER_ELECTRONICS_030125.pdf
Electronics and Telecommunication,Second Year Fourth Semester,314009 - ELECTRONIC EQUIPMENT MAINTENANCE & SIMULATION,http://bvcoelp.bharatividyapeeth.edu/iotmumbai/media/pdf/314009-ELECTRONIC_EQUIPMENT_MAINTENANCE_and_SIMULATION_281124.pdf
Electronics and Telecommunication,Third Year Fifth Semester,315338- EMBEDDED SYSTEM,http://bvcoelp.bharatividyapeeth.edu/iotmumbai/media/pdf/315338-EMBEDDED_SYSTEM_090625.pdf
Electronics and Telecommunication,Third Year Fifth Semester,315339- MOBILE & WIRELESS COMMUNICATION,http://bvcoelp.bharatividyapeeth.edu/iotmumbai/media/pdf/315339-MOBILE_and_WIRELESS_COMMUNICATION_090625.pdf
Electronics and Telecommunication,Third Year Fifth Semester,315002- ENTREPRENEURSHIP DEVELOPMENT AND STARTUPS,http://bvcoelp.bharatividyapeeth.edu/iotmumbai/media/pdf/315002-ENTREPRENEURSHIP_DEVELOPMENT_AND_STARTUPS_090625.pdf
Electronics and Telecommunication,Third Year Fifth Semester,315003- SEMINAR AND PROJECT INITIATION COURSE,http://bvcoelp.bharatividyapeeth.edu/iotmumbai/media/pdf/315003-SEMINAR_AND_PROJECT_INITIATION_COURSE_090625.pdf
Electronics and Telecommunication,Third Year Fifth Semester,315004- INTERNSHIP (12 WEEKS),http://bvcoelp.bharatividyapeeth.edu/iotmumbai/media/pdf/315004-INTERNSHIP12_WEEKS_090625.pdf
Electronics and Telecommunication,Third Year Fifth Semester,315340- ADVANCE POWER ELECTRONICS (Elective),http://bvcoelp.bharatividyapeeth.edu/iotmumbai/media/pdf/315340-ADVANCE_POWER_ELECTRONICS_090625.pdf
Electronics and Telecommunication,Third Year Fifth Semester,315341- IOT APPLICATIONS (Elective),http://bvcoelp.bharatividyapeeth.edu/iotmumbai/media/pdf/315341-IOT_APPLICATIONS_090625.pdf
Electronics and Telecommunication,Third Year Fifth Semester,315342- MICROWAVE ENGINEERING & RADAR SYSTEM (Elective),http://bvcoelp.bharatividyapeeth.edu/iotmumbai/media/pdf/315342-MICROWAVE_ENGINEERING_and_RADAR_SYSTEM_090625.pdf
Electronics and Telecommunication,Third Year Sixth Semester,315301 - MANAGEMENT,http://bvcoelp.bharatividyapeeth.edu/iotmumbai/media/pdf/315301-MANAGEMENT_080925.pdf
Electronics and Telecommunication,Third Year Sixth Semester,316337 - EMERGING TRENDS IN ELECTRONICS,http://bvcoelp.bharatividyapeeth.edu/iotmumbai/media/pdf/316337-EMERGING_TRENDS_IN_ELECTRONICS_080925.pdf
Electronics and Telecommunication,Third Year Sixth Semester,316332 - OPTICAL NETWORK AND SATELLITE COMMUNICATION,http://bvcoelp.bharatividyapeeth.edu/iotmumbai/media/pdf/316332-OPTICAL_NETWORK_AND_SATELLITE_COMMUNICATION_080925.pdf
Electronics and Telecommunication,Third Year Sixth Semester,316338 - COMPUTER NETWORK & DATA COMMUNICATION,http://bvcoelp.bharatividyapeeth.edu/iotmumbai/media/pdf/316338-COMPUTER_NETWORK__DATA_COMMUNICATION_080925.pdf
Electronics and Telecommunication,Third Year Sixth Semester,316004 - CAPSTONE PROJECT,http://bvcoelp.bharatividyapeeth.edu/iotmumbai/media/pdf/316004-CAPSTONE_PROJECT_080925.pdf
Electronics and Telecommunication,Third Year Sixth Semester,316334 - AUTOMATION & PLC (Elective),http://bvcoelp.bharatividyapeeth.edu/iotmumbai/media/pdf/316334-AUTOMATION__PLC_080925.pdf
Electronics and Telecommunication,Third Year Sixth Semester,316335 - DRONE TECHNOLOGY (Elective),http://bvcoelp.bharatividyapeeth.edu/iotmumbai/media/pdf/316335-DRONE_TECHNOLOGY_080925.pdf
Electronics and Telecommunication,Third Year Sixth Semester,316340 - VLSI APPLICATIONS (Elective),http://bvcoelp.bharatividyapeeth.edu/iotmumbai/media/pdf/316340-VLSI_APPLICATIONS_080925.pdf
Information Technology,First Year First Semester,311302-BASIC MATHEMATICS,http://bvcoelp.bharatividyapeeth.edu/iotmumbai/media/pdf/311302-BASIC_MATHEMATICS_210923.pdf
Information Technology,First Year First Semester,311305-BASIC SCIENCE,http://bvcoelp.bharatividyapeeth.edu/iotmumbai/media/pdf/311305-BASIC_SCIENCE_210923.pdf
Information Technology,First Year First Semester,311303-COMMUNICATION SKILLS (ENGLISH),http://bvcoelp.bharatividyapeeth.edu/iotmumbai/media/pdf/311303-COMMUNICATION_SKILLS_(ENGLISH)_210923.pdf
Information Technology,First Year First Semester,311008-ENGINEERING GRAPHICS,http://bvcoelp.bharatividyapeeth.edu/iotmumbai/media/pdf/311008-ENGINEERING_GRAPHICS_210923.pdf
Information Technology,First Year First Semester,311002 - ENGINEERING WORKSHOP PRACTICE,http://bvcoelp.bharatividyapeeth.edu/iotmumbai/media/pdf/311002-ENGINEERING_WORKSHOP_PRACTICE_210923.pdf
Information Technology,First Year First Semester,311001-FUNDAMENTALS OF ICT,http://bvcoelp.bharatividyapeeth.edu/iotmumbai/media/pdf/311001-FUNDAMENTALS_OF_ICT_210923.pdf
Information Technology,First Year First Semester,311003-YOGA AND MEDITATION,http://bvcoelp.bharatividyapeeth.edu/iotmumbai/media/pdf/311003-YOGA_AND_MEDITATION_210923.pdf
Information Technology,First Year Second Semester,312001-LINUX BASICS,http://bvcoelp.bharatividyapeeth.edu/iotmumbai/media/pdf/312001-LINUX_BASICS_271223.pdf
Information Technology,First Year Second Semester,312002-PROFESSIONAL COMMUNICATION,http://bvcoelp.bharatividyapeeth.edu/iotmumbai/media/pdf/312002-PROFESSIONAL_COMMUNICATION_271223.pdf
Information Technology,First Year Second Semester,312003-SOCIAL AND LIFE SKILLS,http://bvcoelp.bharatividyapeeth.edu/iotmumbai/media/pdf/312003-SOCIAL_AND_LIFE_SKILLS_271223.pdf
Information Technology,First Year Second Semester,312004-WEB PAGE DESIGNING,http://bvcoelp.bharatividyapeeth.edu/iotmumbai/media/pdf/312004-WEB_PAGE_DESIGNING_271223.pdf
Information Technology,First Year Second Semester,312301-APPLIED MATHEMATICS,http://bvcoelp.bharatividyapeeth.edu/iotmumbai/media/pdf/312301-APPLIED_MATHEMATICS_271223.pdf
Information Technology,First Year Second Semester,312302-BASIC ELECTRICAL AND ELECTRONICS ENGINEERING,http://bvcoelp.bharatividyapeeth.edu/iotmumbai/media/pdf/312302-BASIC_ELECTRICAL_AND_ELECTRONICS_ENGINEERING_271223.pdf
Information Technology,First Year Second Semester,312303-PROGRAMMING IN C,http://bvcoelp.bharatividyapeeth.edu/iotmumbai/media/pdf/312303-PROGRAMMING_IN_C_271223.pdf
Information Technology,Second Year Third Semester,313301 - DATA STRUCTURE USING C,http://bvcoelp.bharatividyapeeth.edu/iotmumbai/media/pdf/313301-DATA_STRUCTURE_USING_C_030724.pdf
Information Technology,Second Year Third Semester,313302 - DATABASE MANAGEMENT SYSTEM,http://bvcoelp.bharatividyapeeth.edu/iotmumbai/media/pdf/313302-DATABASE_MANAGEMENT_SYSTEM_030724.pdf
Information Technology,Second Year Third Semester,313304 - OBJECT ORIENTED PROGRAMMING USING C++,http://bvcoelp.bharatividyapeeth.edu/iotmumbai/media/pdf/313304-OBJECT_ORIENTED_PROGRAMMING_USING_CPP_030724.pdf
Information Technology,Second Year Third Semester,313305 - DIGITAL TECHNIQUES AND MICROPROCESSORS,http://bvcoelp.bharatividyapeeth.edu/iotmumbai/media/pdf/313305-DIGITAL_TECHNIQUES_AND_MICROPROCESSORS_030724.pdf
Information Technology,Second Year Third Semester,313002 - ESSENCE OF INDIAN CONSTITUTION,http://bvcoelp.bharatividyapeeth.edu/iotmumbai/media/pdf/313002-ESSENCE_OF_INDIAN_CONSTITUTION_030724.pdf
Information Technology,Second Year Third Semester,313003 - APPLIED MULTIMEDIA TECHNIQUES,http://bvcoelp.bharatividyapeeth.edu/iotmumbai/media/pdf/313003-APPLIED_MULTIMEDIA_TECHNIQUES_030724.pdf
Information Technology,Second Year Fourth Semester,314301 - ENVIRONMENTAL EDUCATION AND SUSTAINABILITY,http://bvcoelp.bharatividyapeeth.edu/iotmumbai/media/pdf/314301-ENVIRONMENTAL_EDUCATION_AND_SUSTAINABILITY_291124.pdf
Information Technology,Second Year Fourth Semester,314317 - JAVA PROGRAMMING,http://bvcoelp.bharatividyapeeth.edu/iotmumbai/media/pdf/314317-JAVA_PROGRAMMING_291124.pdf
Information Technology,Second Year Fourth Semester,314318 - DATA COMMUNICATION AND COMPUTER NETWORK,http://bvcoelp.bharatividyapeeth.edu/iotmumbai/media/pdf/314318-DATA_COMMUNICATION_AND_COMPUTER_NETWORK_291124.pdf
Information Technology,Second Year Fourth Semester,314319 - INFORMATION SECURITY,http://bvcoelp.bharatividyapeeth.edu/iotmumbai/media/pdf/314319-INFORMATION_SECURITY_291124.pdf
Information Technology,Second Year Fourth Semester,314004 - PYTHON PROGRAMMING,http://bvcoelp.bharatividyapeeth.edu/iotmumbai/media/pdf/314004-PYTHON_PROGRAMMING_291124.pdf
Information Technology,Second Year Fourth Semester,314006 - INTERNET OF THINGS,http://bvcoelp.bharatividyapeeth.edu/iotmumbai/media/pdf/314006-INTERNET_OF_THINGS_291124.pdf
Information Technology,Third Year Fifth Semester,315319- OPERATING SYSTEM,http://bvcoelp.bharatividyapeeth.edu/iotmumbai/media/pdf/315319-OPERATING_SYSTEM_120625.pdf
Information Technology,Third Year Fifth Semester,315332- SOFTWARE ENGINEERING AND TESTING,http://bvcoelp.bharatividyapeeth.edu/iotmumbai/media/pdf/315332-SOFTWARE_ENGINEERING_AND_TESTING_120625.pdf
Information Technology,Third Year Fifth Semester,315002- ENTREPRENEURSHIP DEVELOPMENT AND STARTUPS,http://bvcoelp.bharatividyapeeth.edu/iotmumbai/media/pdf/315002-ENTREPRENEURSHIP_DEVELOPMENT_AND_STARTUPS_120625.pdf
Information Technology,Third Year Fifth Semester,315003- SEMINAR AND PROJECT INITIATION COURSE,http://bvcoelp.bharatividyapeeth.edu/iotmumbai/media/pdf/315003-SEMINAR_AND_PROJECT_INITIATION_COURSE_120625.pdf
Information Technology,Third Year Fifth Semester,315004- INTERNSHIP (12 WEEKS),http://bvcoelp.bharatividyapeeth.edu/iotmumbai/media/pdf/315004-INTERNSHIP12_WEEKS_120625.pdf
Information Technology,Third Year Fifth Semester,315321 - ADVANCE COMPUTER NETWORK (Elective),http://bvcoelp.bharatividyapeeth.edu/iotmumbai/media/pdf/315321-ADVANCE_COMPUTER_NETWORK_120625.pdf
Information Technology,Third Year Fifth Semester,315324 - ADVANCE DATABASE MANAGEMENT (Elective),http://bvcoelp.bharatividyapeeth.edu/iotmumbai/media/pdf/315324-ADVANCE_DATABASE_MANAGEMENT_130625.pdf
Information Technology,Third Year Fifth Semester,315326 - DATA ANALYTICS (Elective),http://bvcoelp.bharatividyapeeth.edu/iotmumbai/media/pdf/315326-DATA_ANALYTICS_120625.pdf
Information Technology,Third Year Sixth Semester,315301 - MANAGEMENT,http://bvcoelp.bharatividyapeeth.edu/iotmumbai/media/pdf/315301-MANAGEMENT_it_090925.pdf
Information Technology,Third Year Sixth Semester,316313-EMERGING TRENDS IN COMPUTER ENGINEERING AND INFORMATION TECHNOLOGY,http://bvcoelp.bharatividyapeeth.edu/iotmumbai/media/pdf/316313-EMERGING_TRENDS_IN_COMPUTER_ENGINEERING_AND_INFORMATION_TECHNOLOGY_it_090925.pdf
Information Technology,Third Year Sixth Semester,316325-WIRELESS AND MOBILE NETWORK,http://bvcoelp.bharatividyapeeth.edu/iotmumbai/media/pdf/316325-WIRELESS_AND_MOBILE_NETWORK_it_090925.pdf
Information Technology,Third Year Sixth Semester,316005-CLIENT SIDE SCRIPTING,http://bvcoelp.bharatividyapeeth.edu/iotmumbai/media/pdf/316005-CLIENT_SIDE_SCRIPTING_it_090925.pdf
Information Technology,Third Year Sixth Semester,316006-MOBILE APPLICATION DEVELOPMENT,http://bvcoelp.bharatividyapeeth.edu/iotmumbai/media/pdf/316006-MOBILE_APPLICATION_DEVELOPMENT_it_090925.pdf
Information Technology,Third Year Sixth Semester,316004-CAPSTONE PROJECT,http://bvcoelp.bharatividyapeeth.edu/iotmumbai/media/pdf/316004-CAPSTONE_PROJECT_it_090925.pdf
Information Technology,Third Year Sixth Semester,316315-DIGITAL FORENSIC AND HACKING TECHNIQUES (Elective),http://bvcoelp.bharatividyapeeth.edu/iotmumbai/media/pdf/316315-DIGITAL_FORENSIC_AND_HACKING_TECHNIQUES_it_090925.pdf
Information Technology,Third Year Sixth Semester,316316-MACHINE LEARNING (Elective),http://bvcoelp.bharatividyapeeth.edu/iotmumbai/media/pdf/316316-MACHINE_LEARNING_it_090925.pdf
Information Technology,Third Year Sixth Semester,316321-DATA WAREHOUSING WITH MINING TECHNIQUES (Elective),http://bvcoelp.bharatividyapeeth.edu/iotmumbai/media/pdf/316321-DATA_WAREHOUSING_WITH_MINING_TECHNIQUES_it_090925.pdf
Mechanical Engineering,First Year First Semester,311302-BASIC MATHEMATICS,http://bvcoelp.bharatividyapeeth.edu/iotmumbai/media/pdf/311302-BASIC_210923MATHEMATICS.pdf
Mechanical Engineering,First Year First Semester,311305-BASIC SCIENCE,http://bvcoelp.bharatividyapeeth.edu/iotmumbai/media/pdf/311305-BASIC_210923SCIENCE.pdf
Mechanical Engineering,First Year First Semester,311303-COMMUNICATION SKILLS (ENGLISH),http://bvcoelp.bharatividyapeeth.edu/iotmumbai/media/pdf/311303-COMMUNICATION_210923SKILLS_210923(ENGLISH).pdf
Mechanical Engineering,First Year First Semester,311006-ENGINEERING GRAPHICS,http://bvcoelp.bharatividyapeeth.edu/iotmumbai/media/pdf/311006-ENGINEERING_210923GRAPHICS.pdf
Mechanical Engineering,First Year First Semester,311005-ENGINEERING WORKSHOP PRACTICE,http://bvcoelp.bharatividyapeeth.edu/iotmumbai/media/pdf/311005-ENGINEERING_210923WORKSHOP_210923PRACTICES.pdf
Mechanical Engineering,First Year First Semester,311001-FUNDAMENTALS OF ICT,http://bvcoelp.bharatividyapeeth.edu/iotmumbai/media/pdf/311001-FUNDAMENTALS_210923OF_210923ICT.pdf
Mechanical Engineering,First Year First Semester,311003-YOGA AND MEDITATION,http://bvcoelp.bharatividyapeeth.edu/iotmumbai/media/pdf/311003-YOGA_210923AND_210923MEDITATION.pdf
Mechanical Engineering,First Year Second Semester,312002-PROFESSIONAL COMMUNICATION,http://bvcoelp.bharatividyapeeth.edu/iotmumbai/media/pdf/312002-PROFESSIONAL_COMMUNICATION_271223.pdf
Mechanical Engineering,First Year Second Semester,312003-SOCIAL AND LIFE SKILLS,http://bvcoelp.bharatividyapeeth.edu/iotmumbai/media/pdf/312003-SOCIAL_AND_LIFE_SKILLS_271223.pdf
Mechanical Engineering,First Year Second Semester,312301-APPLIED MATHEMATICS,http://bvcoelp.bharatividyapeeth.edu/iotmumbai/media/pdf/312301-APPLIED_MATHEMATICS_271223.pdf
Mechanical Engineering,First Year Second Semester,312308-APPLIED SCIENCE,http://bvcoelp.bharatividyapeeth.edu/iotmumbai/media/pdf/312308-APPLIED_SCIENCE_271223.pdf
Mechanical Engineering,First Year Second Semester,312311-ENGINEERING DRAWING,http://bvcoelp.bharatividyapeeth.edu/iotmumbai/media/pdf/312311-ENGINEERING_DRAWING_271223.pdf
Mechanical Engineering,First Year Second Semester,312312-ENGINEERING MECHANICS,http://bvcoelp.bharatividyapeeth.edu/iotmumbai/media/pdf/312312-ENGINEERING_MECHANICS_271223.pdf
Mechanical Engineering,First Year Second Semester,312313-MANUFACTURING TECHNOLOGY,http://bvcoelp.bharatividyapeeth.edu/iotmumbai/media/pdf/312313-MANUFACTURING_TECHNOLOGY_271223.pdf
Mechanical Engineering,Second Year Third Semester,313308 - STRENGTH OF MATERIALS,http://bvcoelp.bharatividyapeeth.edu/iotmumbai/media/pdf/313308-STRENGTH_OF_MATERIALS_030724.pdf
Mechanical Engineering,Second Year Third Semester,313309 - FLUID MECHANICS AND MACHINERY,http://bvcoelp.bharatividyapeeth.edu/iotmumbai/media/pdf/313309-FLUID_MECHANICS_AND_MACHINERY_030724.pdf
Mechanical Engineering,Second Year Third Semester,313310 - THERMAL ENGINEERING,http://bvcoelp.bharatividyapeeth.edu/iotmumbai/media/pdf/313310-THERMAL_ENGINEERING_030724.pdf
Mechanical Engineering,Second Year Third Semester,313311 - PRODUCTION DRAWING,http://bvcoelp.bharatividyapeeth.edu/iotmumbai/media/pdf/313311-PRODUCTION_DRAWING_030724.pdf
Mechanical Engineering,Second Year Third Semester,312020 - BASIC ELECTRICAL AND ELECTRONICS,http://bvcoelp.bharatividyapeeth.edu/iotmumbai/media/pdf/312020-BASIC_ELECTRICAL_AND_ELECTRONICS_030724.pdf
Mechanical Engineering,Second Year Third Semester,313002 - ESSENCE OF INDIAN CONSTITUTION,http://bvcoelp.bharatividyapeeth.edu/iotmumbai/media/pdf/313002-ESSENCE_OF_INDIAN_CONSTITUTION_030724.pdf
Mechanical Engineering,Second Year Third Semester,313006 - COMPUTER AIDED DRAFTING,http://bvcoelp.bharatividyapeeth.edu/iotmumbai/media/pdf/313006-COMPUTER_AIDED_DRAFTING_030724.pdf
Mechanical Engineering,Second Year Third Semester,313007 - FUNDAMENTALS OF PYTHON PROGRAMMING,http://bvcoelp.bharatividyapeeth.edu/iotmumbai/media/pdf/313007-FUNDAMENTALS_OF_PYTHON_PROGRAMMING_030724.pdf
Mechanical Engineering,Second Year Fourth Semester,314301 - ENVIRONMENTAL EDUCATION AND SUSTAINABILITY,http://bvcoelp.bharatividyapeeth.edu/iotmumbai/media/pdf/314301-ENVIRONMENTAL_EDUCATION_AND_SUSTAINABILITY_291124.pdf
Mechanical Engineering,Second Year Fourth Semester,313313 - THEORY OF MACHINES,http://bvcoelp.bharatividyapeeth.edu/iotmumbai/media/pdf/313313-THEORY_OF_MACHINES_291124.pdf
Mechanical Engineering,Second Year Fourth Semester,313316 - METROLOGY AND MEASUREMENT,http://bvcoelp.bharatividyapeeth.edu/iotmumbai/media/pdf/313316-METROLOGY_AND_MEASUREMENT_291124.pdf
Mechanical Engineering,Second Year Fourth Semester,313317 - MECHANICAL ENGINEERING MATERIALS,http://bvcoelp.bharatividyapeeth.edu/iotmumbai/media/pdf/313317-MECHANICAL_ENGINEERING_MATERIALS_291124.pdf
Mechanical Engineering,Second Year Fourth Semester,314340 - PRODUCTION PROCESSES,http://bvcoelp.bharatividyapeeth.edu/iotmumbai/media/pdf/314340-PRODUCTION_PROCESSES_291124.pdf
Mechanical Engineering,Second Year Fourth Semester,314014 - ENTREPRENEURSHIP DEVELOPMENT AND STARTUPS,http://bvcoelp.bharatividyapeeth.edu/iotmumbai/media/pdf/314014-ENTREPRENEURSHIP_DEVELOPMENT_AND_STARTUPS_291124.pdf
Mechanical Engineering,Second Year Fourth Semester,314017 - BASICS OF MECHATRONICS,http://bvcoelp.bharatividyapeeth.edu/iotmumbai/media/pdf/314017-BASICS_OF_MECHATRONICS_291124.pdf
Mechanical Engineering,Second Year Fourth Semester,314018 - CNC PROGRAMMING,http://bvcoelp.bharatividyapeeth.edu/iotmumbai/media/pdf/314018-CNC_PROGRAMMING_291124.pdf
Mechanical Engineering,Third Year Fifth Semester,315363 - EMERGING TRENDS IN MECHANICAL ENGINEERING,http://bvcoelp.bharatividyapeeth.edu/iotmumbai/media/pdf/315363-EMERGING_TRENDS_IN_MECHANICAL_ENGINEERING_230625.pdf
Mechanical Engineering,Third Year Fifth Semester,315371 - POWER ENGINEERING,http://bvcoelp.bharatividyapeeth.edu/iotmumbai/media/pdf/315374-POWER_PLANT_ENGINEERING_230625.pdf
Mechanical Engineering,Third Year Fifth Semester,315372 - AUTOMOBILE ENGINEERING,http://bvcoelp.bharatividyapeeth.edu/iotmumbai/media/pdf/315372-_AUTOMOBILE_ENGINEERING_230625.pdf
Mechanical Engineering,Third Year Fifth Semester,315003 - SEMINAR AND PROJECT INITIATION COURSE,http://bvcoelp.bharatividyapeeth.edu/iotmumbai/media/pdf/315003-SEMINAR_AND_PROJECT_INITIATION_COURSE_230625.pdf
Mechanical Engineering,Third Year Fifth Semester,315004 - INTERNSHIP (12 WEEKS),http://bvcoelp.bharatividyapeeth.edu/iotmumbai/media/pdf/315004-INTERNSHIP12_WEEKS_230625.pdf
Mechanical Engineering,Third Year Fifth Semester,315367 - PRODUCT DESIGN AND DEVELOPMENT (Elective),http://bvcoelp.bharatividyapeeth.edu/iotmumbai/media/pdf/315367-PRODUCT_DESIGN_AND_DEVELOPMENT_230625.pdf
Mechanical Engineering,Third Year Fifth Semester,315373 - HEATING VENTILATION AIR CONDITIONING (Elective),http://bvcoelp.bharatividyapeeth.edu/iotmumbai/media/pdf/315373-HEATING_VENTILATION_AIR_CONDITIONING_230625.pdf
Mechanical Engineering,Third Year Fifth Semester,315374 - POWER PLANT ENGINEERING (Elective),http://bvcoelp.bharatividyapeeth.edu/iotmumbai/media/pdf/315371-POWER_ENGINEERING_230625.pdf
Mechanical Engineering,Third Year Sixth Semester,315301 - MANAGEMENT,http://bvcoelp.bharatividyapeeth.edu/iotmumbai/media/pdf/315301-MANAGEMENT_120925.pdf
Mechanical Engineering,Third Year Sixth Semester,316357 - DESIGN OF MACHINE ELEMENTS,http://bvcoelp.bharatividyapeeth.edu/iotmumbai/media/pdf/316357-DESIGN_OF_MACHINE_ELEMENTS_120925.pdf
Mechanical Engineering,Third Year Sixth Semester,316362 - INDUSTRIAL ENGINEERING AND QUALITY CONTROL,http://bvcoelp.bharatividyapeeth.edu/iotmumbai/media/pdf/316362-INDUSTRIAL_ENGINEERING_AND_QUALITY_CONTROL_120925.pdf
Mechanical Engineering,Third Year Sixth Semester,316363 - INDUSTRIAL HYDRAULICS AND PNEUMATICS,http://bvcoelp.bharatividyapeeth.edu/iotmumbai/media/pdf/316363-INDUSTRIAL_HYDRAULICS_AND_PNEUMATICS_120925.pdf
Mechanical Engineering,Third Year Sixth Semester,316013 - 3D MODELLING AND ADDITIVE MANUFACTURING,http://bvcoelp.bharatividyapeeth.edu/iotmumbai/media/pdf/316013-3D_MODELLING_AND_ADDITIVE_MANUFACTURING_120925.pdf
Mechanical Engineering,Third Year Sixth Semester,316004 - CAPSTONE PROJECT,http://bvcoelp.bharatividyapeeth.edu/iotmumbai/media/pdf/316004-CAPSTONE_PROJECT_120925.pdf
Mechanical Engineering,Third Year Sixth Semester,316359 - COMPUTER INTEGRATED MANUFACTURING SYSTEMS (Elective),http://bvcoelp.bharatividyapeeth.edu/iotmumbai/media/pdf/316359-COMPUTER_INTEGRATED_MANUFACTURING_SYSTEMS_120925.pdf
Mechanical Engineering,Third Year Sixth Semester,316364 - ALTERNATIVE ENERGY SOURCES AND ENERGY MANAGEMENT (Elective),http://bvcoelp.bharatividyapeeth.edu/iotmumbai/media/pdf/316364-ALTERNATIVE_ENERGY_SOURCES_AND_ENERGY_MANAGEMENT_120925.pdf
Mechanical Engineering,Third Year Sixth Semester,316365 - COLD CHAIN MANAGEMENT (Elective),http://bvcoelp.bharatividyapeeth.edu/iotmumbai/media/pdf/316365-COLD_CHAIN_MANAGEMENT_120925.pdf
Civil Engineering,First Year First Semester,311302-BASIC MATHEMATICS,http://bvcoelp.bharatividyapeeth.edu/iotmumbai/media/pdf/311302-BASIC_MATHEMATICS_210923.pdf
Civil Engineering,First Year First Semester,311305-BASIC SCIENCE,http://bvcoelp.bharatividyapeeth.edu/iotmumbai/media/pdf/311305-BASIC_SCIENCE_210923.pdf
Civil Engineering,First Year First Semester,311303-COMMUNICATION SKILLS (ENGLISH),http://bvcoelp.bharatividyapeeth.edu/iotmumbai/media/pdf/311303-COMMUNICATION_SKILLS_(ENGLISH)_210923.pdf
Civil Engineering,First Year First Semester,311006-ENGINEERING GRAPHICS,http://bvcoelp.bharatividyapeeth.edu/iotmumbai/media/pdf/311006-ENGINEERING_GRAPHICS_210923.pdf
Civil Engineering,First Year First Semester,311010-CIVIL ENGINEERING WORKSHOP,http://bvcoelp.bharatividyapeeth.edu/iotmumbai/media/pdf/311010-CIVIL_ENGINEERING_WORKSHOP_210923.pdf
Civil Engineering,First Year First Semester,311001-FUNDAMENTALS OF ICT,http://bvcoelp.bharatividyapeeth.edu/iotmumbai/media/pdf/311001-FUNDAMENTALS_OF_ICT_210923.pdf
Civil Engineering,First Year First Semester,311003-YOGA AND MEDITATION,http://bvcoelp.bharatividyapeeth.edu/iotmumbai/media/pdf/311003-YOGA_AND_MEDITATION_210923.pdf
Civil Engineering,First Year Second Semester,312002-PROFESSIONAL COMMUNICATION,http://bvcoelp.bharatividyapeeth.edu/iotmumbai/media/pdf/312002-PROFESSIONAL_COMMUNICATION_281223.pdf
Civil Engineering,First Year Second Semester,312003-SOCIAL AND LIFE SKILLS,http://bvcoelp.bharatividyapeeth.edu/iotmumbai/media/pdf/312003-SOCIAL_AND_LIFE_SKILLS_281223.pdf
Civil Engineering,First Year Second Semester,312301-APPLIED MATHEMATICS,http://bvcoelp.bharatividyapeeth.edu/iotmumbai/media/pdf/312301-APPLIED_MATHEMATICS_281223.pdf
Civil Engineering,First Year Second Semester,312308-APPLIED SCIENCE,http://bvcoelp.bharatividyapeeth.edu/iotmumbai/media/pdf/312308-APPLIED_SCIENCE_281223.pdf
Civil Engineering,First Year Second Semester,312312-ENGINEERING MECHANICS,http://bvcoelp.bharatividyapeeth.edu/iotmumbai/media/pdf/312312-ENGINEERING_MECHANICS_281223.pdf
Civil Engineering,First Year Second Semester,312338-BUILDING MATERIAL AND CONSTRUCTION,http://bvcoelp.bharatividyapeeth.edu/iotmumbai/media/pdf/312338-BUILDING_MATERIAL_AND_CONSTRUCTION_281223.pdf
Civil Engineering,First Year Second Semester,312339-SURVEYING,http://bvcoelp.bharatividyapeeth.edu/iotmumbai/media/pdf/312339-SURVEYING_281223.pdf
Civil Engineering,Second Year Third Semester,313308 - STRENGTH OF MATERIALS,http://bvcoelp.bharatividyapeeth.edu/iotmumbai/media/pdf/313308-STRENGTH_OF_MATERIALS_030724.pdf
Civil Engineering,Second Year Third Semester,313321 - ADVANCED SURVEYING,http://bvcoelp.bharatividyapeeth.edu/iotmumbai/media/pdf/313321-ADVANCED_SURVEYING_030724.pdf
Civil Engineering,Second Year Third Semester,313322 - CONCRETE TECHNOLOGY,http://bvcoelp.bharatividyapeeth.edu/iotmumbai/media/pdf/313322-CONCRETE_TECHNOLOGY_030724.pdf
Civil Engineering,Second Year Third Semester,313323 - HIGHWAY ENGINEERING,http://bvcoelp.bharatividyapeeth.edu/iotmumbai/media/pdf/313323-HIGHWAY_ENGINEERING_030724.pdf
Civil Engineering,Second Year Third Semester,313002 - ESSENCE OF INDIAN CONSTITUTION,http://bvcoelp.bharatividyapeeth.edu/iotmumbai/media/pdf/313002-ESSENCE_OF_INDIAN_CONSTITUTION_030724.pdf
Civil Engineering,Second Year Third Semester,313009 - BUILDING PLANNING & DRAWING WITH CAD,http://bvcoelp.bharatividyapeeth.edu/iotmumbai/media/pdf/313009-BUILDING_PLANNING_and_DRAWING_WITH_CAD_030724.pdf
Civil Engineering,Second Year Third Semester,313010 - CONSTRUCTION MANAGEMENT,http://bvcoelp.bharatividyapeeth.edu/iotmumbai/media/pdf/313010-CONSTRUCTION_MANAGEMENT_030724.pdf
Civil Engineering,Second Year Fourth Semester,314301 - ENVIRONMENTAL EDUCATION AND SUSTAINABILITY,http://bvcoelp.bharatividyapeeth.edu/iotmumbai/media/pdf/314301-ENVIRONMENTAL_EDUCATION_AND_SUSTAINABILITY_291124.pdf
Civil Engineering,Second Year Fourth Semester,"314312 - RAILWAY, BRIDGE AND TUNNEL ENGINEERING",http://bvcoelp.bharatividyapeeth.edu/iotmumbai/media/pdf/314312-RAILWAY_BRIDGE_AND_TUNNEL_ENGINEERING_291124.pdf
Civil Engineering,Second Year Fourth Semester,314303 - HYDRAULICS,http://bvcoelp.bharatividyapeeth.edu/iotmumbai/media/pdf/314303-HYDRAULICS_291124.pdf
Civil Engineering,Second Year Fourth Semester,"314313 - ESTIMATING, COSTING AND VALUATION","http://bvcoelp.bharatividyapeeth.edu/iotmumbai/media/pdf/314313-ESTIMATING,_COSTING_AND_VALUATION_291124.pdf"
Civil Engineering,Second Year Fourth Semester,314314 - WATER AND WASTEWATER ENGINEERING,http://bvcoelp.bharatividyapeeth.edu/iotmumbai/media/pdf/314314-WATER_AND_WASTEWATER_ENGINEERING_291124.pdf
Civil Engineering,Second Year Fourth Semester,314315 - GEOTECHNICAL ENGINEERING,http://bvcoelp.bharatividyapeeth.edu/iotmumbai/media/pdf/314315-GEOTECHNICAL_ENGINEERING_291124.pdf
Civil Engineering,Third Year Fifth Semester,315313- THEORY OF STRUCTURES,http://bvcoelp.bharatividyapeeth.edu/iotmumbai/media/pdf/315313-THEORY_OF_STRUCTURE_100625.pdf
Civil Engineering,Third Year Fifth Semester,315314- WATER RESOURCE ENGINEERING,http://bvcoelp.bharatividyapeeth.edu/iotmumbai/media/pdf/315314-WATER_RESOURCE_ENGINEERING_100625.pdf
Civil Engineering,Third Year Fifth Semester,315315- EMERGING TRENDS IN CIVIL ENGINEERING,http://bvcoelp.bharatividyapeeth.edu/iotmumbai/media/pdf/315315-EMERGING_TRENDS_IN_CIVIL_ENGINEERING_100625.pdf
Civil Engineering,Third Year Fifth Semester,315002- ENTREPRENEURSHIP DEVELOPMENT AND STARTUPS,http://bvcoelp.bharatividyapeeth.edu/iotmumbai/media/pdf/315002-ENTREPRENEURSHIP_DEVELOPMENT_AND_STARTUPS_100625.pdf
Civil Engineering,Third Year Fifth Semester,315003- SEMINAR AND PROJECT INITIATION COURSE,http://bvcoelp.bharatividyapeeth.edu/iotmumbai/media/pdf/315003-SEMINAR_AND_PROJECT_INITIATION_COURSE_100625.pdf
Civil Engineering,Third Year Fifth Semester,315004- INTERNSHIP (12 WEEKS),http://bvcoelp.bharatividyapeeth.edu/iotmumbai/media/pdf/315004-INTERNSHIP12_WEEKS_100625.pdf
Civil Engineering,Third Year Fifth Semester,315316- ENERGY CONSERVATION AND GREEN BUILDING (Elective),http://bvcoelp.bharatividyapeeth.edu/iotmumbai/media/pdf/315316-ENERGY_CONSERVATION_and_GREEN_BUILDING_100625.pdf
Civil Engineering,Third Year Fifth Semester,315317- PRECAST AND PRESTRESSED CONCRETE STRUCTURES (Elective),http://bvcoelp.bharatividyapeeth.edu/iotmumbai/media/pdf/315317-PRECAST_and_PRESTRESSED_CONCRETE_STRUCTURES_100625.pdf
Civil Engineering,Third Year Fifth Semester,315318- ROAD TRAFFIC ENGINEERING (Elective),http://bvcoelp.bharatividyapeeth.edu/iotmumbai/media/pdf/315318-ROAD_TRAFFIC_ENGINEERING_100625.pdf
Civil Engineering,Third Year Sixth Semester,315301 - MANAGEMENT,http://bvcoelp.bharatividyapeeth.edu/iotmumbai/media/pdf/315301-MANAGEMENT_120925.pdf
Civil Engineering,Third Year Sixth Semester,316307 - CONTRACTS AND BILLING,http://bvcoelp.bharatividyapeeth.edu/iotmumbai/media/pdf/316307-CONTRACTS_AND_BILLING_120925.pdf
Civil Engineering,Third Year Sixth Semester,316308 - DESIGN OF RCC AND STEEL STRUCTURES,http://bvcoelp.bharatividyapeeth.edu/iotmumbai/media/pdf/316308-DESIGN_OF_RCC_AND_STEEL_STRUCTURES_120925.pdf
Civil Engineering,Third Year Sixth Semester,316309 - MAINTENANCE AND REPAIRS OF STRUCTURES,http://bvcoelp.bharatividyapeeth.edu/iotmumbai/media/pdf/316309-MAINTENANCE_AND_REPAIRS_OF_STRUCTURES_120925.pdf
Civil Engineering,Third Year Sixth Semester,316004 - CAPSTONE PROJECT,http://bvcoelp.bharatividyapeeth.edu/iotmumbai/media/pdf/316004-CAPSTONE_PROJECT_120925.pdf
Civil Engineering,Third Year Sixth Semester,316310 - BUILDING SERVICES (Elective),http://bvcoelp.bharatividyapeeth.edu/iotmumbai/media/pdf/316310-BUILDING_SERVICES_120925.pdf
Civil Engineering,Third Year Sixth Semester,316311 - EARTHQUAKE RESISTANT BUILDING (Elective),http://bvcoelp.bharatividyapeeth.edu/iotmumbai/media/pdf/316311-EARTHQUAKE_RESISTANT_BUILDING_120925.pdf
Civil Engineering,Third Year Sixth Semester,316312 - SOLID WASTE MANAGEMENT (Elective),http://bvcoelp.bharatividyapeeth.edu/iotmumbai/media/pdf/316312-SOLID_WASTE_MANAGEMENT_120925.pdf
Electrical Engineering,First Year First Semester,311302-BASIC MATHEMATICS,http://bvcoelp.bharatividyapeeth.edu/iotmumbai/media/pdf/311302-BASIC_MATHEMATICS_210923.pdf
Electrical Engineering,First Year First Semester,311305-BASIC SCIENCE,http://bvcoelp.bharatividyapeeth.edu/iotmumbai/media/pdf/311305-BASIC_SCIENCE_210923.pdf
Electrical Engineering,First Year First Semester,311303-COMMUNICATION SKILLS (ENGLISH),http://bvcoelp.bharatividyapeeth.edu/iotmumbai/media/pdf/311303-COMMUNICATION_SKILLS_(ENGLISH)_210923.pdf
Electrical Engineering,First Year First Semester,311006-ENGINEERING GRAPHICS,http://bvcoelp.bharatividyapeeth.edu/iotmumbai/media/pdf/311006-ENGINEERING_GRAPHICS_210923.pdf
Electrical Engineering,First Year First Semester,311005-ENGINEERING WORKSHOP PRACTICE,http://bvcoelp.bharatividyapeeth.edu/iotmumbai/media/pdf/311005-ENGINEERING_WORKSHOP_PRACTICES_210923.pdf
Electrical Engineering,First Year First Semester,311001-FUNDAMENTALS OF ICT,http://bvcoelp.bharatividyapeeth.edu/iotmumbai/media/pdf/311001-FUNDAMENTALS_OF_ICT_210923.pdf
Electrical Engineering,First Year First Semester,311003-YOGA AND MEDITATION,http://bvcoelp.bharatividyapeeth.edu/iotmumbai/media/pdf/311003-YOGA_AND_MEDITATION_210923.pdf
Electrical Engineering,First Year Second Semester,312002-PROFESSIONAL COMMUNICATION,http://bvcoelp.bharatividyapeeth.edu/iotmumbai/media/pdf/312002-PROFESSIONAL_COMMUNICATION_281223.pdf
Electrical Engineering,First Year Second Semester,312003-SOCIAL AND LIFE SKILLS,http://bvcoelp.bharatividyapeeth.edu/iotmumbai/media/pdf/312003-SOCIAL_AND_LIFE_SKILLS_281223.pdf
Electrical Engineering,First Year Second Semester,312006-BASIC MECHANICAL ENGINEERING,http://bvcoelp.bharatividyapeeth.edu/iotmumbai/media/pdf/312006-BASIC_MECHANICAL_ENGINEERING_281223.pdf
Electrical Engineering,First Year Second Semester,312301-APPLIED MATHEMATICS,http://bvcoelp.bharatividyapeeth.edu/iotmumbai/media/pdf/312301-APPLIED_MATHEMATICS_281223.pdf
Electrical Engineering,First Year Second Semester,312308-APPLIED SCIENCE,http://bvcoelp.bharatividyapeeth.edu/iotmumbai/media/pdf/312308-APPLIED_SCIENCE_281223.pdf
Electrical Engineering,First Year Second Semester,312309-ELEMENTS OF ELECTRONICS,http://bvcoelp.bharatividyapeeth.edu/iotmumbai/media/pdf/312309-ELEMENTS_OF_ELECTRONICS_281223.pdf
Electrical Engineering,First Year Second Semester,312310-FUNDAMENTAL OF ELECTRICAL ENGINEERING,http://bvcoelp.bharatividyapeeth.edu/iotmumbai/media/pdf/312310-FUNDAMENTAL_OF_ELECTRICAL_ENGINEERING_281223.pdf
Electrical Engineering,Second Year Third Semester,313332 - ELECTRICAL CIRCUITS AND NETWORK,http://bvcoelp.bharatividyapeeth.edu/iotmumbai/media/pdf/313332-ELECTRICAL_CIRCUITS_AND_NETWORK_030724.pdf
Electrical Engineering,Second Year Third Semester,"313333 - ELECTRICAL POWER GENERATION, TRANSMISSION AND DISTRIBUTION",http://bvcoelp.bharatividyapeeth.edu/iotmumbai/media/pdf/313333-ELECTRICAL_POWER_GENERATIONTRANSMISSION_AND_DISTRIBUTION_030724.pdf
Electrical Engineering,Second Year Third Semester,313334 - ELECTRICAL AND ELECTRONIC MEASUREMENT,http://bvcoelp.bharatividyapeeth.edu/iotmumbai/media/pdf/313334-ELECTRICAL_AND_ELECTRONIC_MEASUREMENT_030724.pdf
Electrical Engineering,Second Year Third Semester,313335 - FUNDAMENTALS OF POWER ELECTRONICS,http://bvcoelp.bharatividyapeeth.edu/iotmumbai/media/pdf/313335-FUNDAMENTALS_OF_POWER_ELECTRONICS_030724.pdf
Electrical Engineering,Second Year Third Semester,313002 - ESSENCE OF INDIAN CONSTITUTION,http://bvcoelp.bharatividyapeeth.edu/iotmumbai/media/pdf/313002-ESSENCE_OF_INDIAN_CONSTITUTION_030724.pdf
Electrical Engineering,Second Year Third Semester,313015 - ELECTRICAL MATERIAL AND WIRING PRACTICE,http://bvcoelp.bharatividyapeeth.edu/iotmumbai/media/pdf/313015-ELECTRICAL_MATERIAL_AND_WIRING_PRACTICE_030724.pdf
Electrical Engineering,Second Year Fourth Semester,314301 - ENVIRONMENTAL EDUCATION AND SUSTAINABILITY,http://bvcoelp.bharatividyapeeth.edu/iotmumbai/media/pdf/314301-ENVIRONMENTAL_EDUCATION_AND_SUSTAINABILITY_291124.pdf
Electrical Engineering,Second Year Fourth Semester,314322 - D.C. MACHINES AND TRANSFORMERS,http://bvcoelp.bharatividyapeeth.edu/iotmumbai/media/pdf/314322-D-C-_MACHINES_AND_TRANSFORMERS_291124.pdf
Electrical Engineering,Second Year Fourth Semester,314323 - UTILIZATION OF ELECTRICAL ENERGY,http://bvcoelp.bharatividyapeeth.edu/iotmumbai/media/pdf/314323-UTILIZATION_OF_ELECTRICAL_ENERGY_291124.pdf
Electrical Engineering,Second Year Fourth Semester,314324 - DIGITAL ELECTRONICS AND MICROCONTROLLER APPLICATIONS,http://bvcoelp.bharatividyapeeth.edu/iotmumbai/media/pdf/314324-DIGITAL_ELECTRONICS_AND_MICROCONTROLLER_APPLICATIONS_291124.pdf
Electrical Engineering,Second Year Fourth Semester,314325 - ELECTRICAL ESTIMATING AND CONTRACTING,http://bvcoelp.bharatividyapeeth.edu/iotmumbai/media/pdf/314325-ELECTRICAL_ESTIMATING_AND_CONTRACTING_291124.pdf
Electrical Engineering,Second Year Fourth Semester,314008 - COMPUTER AIDED DRAWING AND SIMULATION,http://bvcoelp.bharatividyapeeth.edu/iotmumbai/media/pdf/314008-COMPUTER_AIDED_DRAWING_AND_SIMULATION_291124.pdf
Electrical Engineering,Third Year Fifth Semester,315333 - AC MACHINES PERFORMANCE,http://bvcoelp.bharatividyapeeth.edu/iotmumbai/media/pdf/315333-A.C._MACHINES_PERFORMANCE_060625.pdf
Electrical Engineering,Third Year Fifth Semester,315334 - SWITCHGEAR AND PROTECTION,http://bvcoelp.bharatividyapeeth.edu/iotmumbai/media/pdf/315334-SWITCHGEAR_AND_PROTECTION_060625.pdf
Electrical Engineering,Third Year Fifth Semester,315002 - ENTREPRENEURSHIP DEVELOPMENT AND STARTUPS,http://bvcoelp.bharatividyapeeth.edu/iotmumbai/media/pdf/315002-ENTREPRENEURSHIP_DEVELOPMENT_AND_STARTUPS_060625.pdf
Electrical Engineering,Third Year Fifth Semester,315003 - SEMINAR AND PROJECT INITIATION COURSE,http://bvcoelp.bharatividyapeeth.edu/iotmumbai/media/pdf/315003-SEMINAR_AND_PROJECT_INITIATION_COURSE_060625.pdf
Electrical Engineering,Third Year Fifth Semester,315004 - INTERNSHIP (12 WEEKS),http://bvcoelp.bharatividyapeeth.edu/iotmumbai/media/pdf/315004-INTERNSHIP12_WEEKS_060625.pdf
Electrical Engineering,Third Year Fifth Semester,315335 - ELECTRIC VEHICLE TECHNOLOGY (Elective),http://bvcoelp.bharatividyapeeth.edu/iotmumbai/media/pdf/315335-ELECTRIC_VEHICLE_TECHNOLOGY_060625.pdf
Electrical Engineering,Third Year Fifth Semester,315336 - POWER SYSTEM OPERATION AND CONTROL (Elective),http://bvcoelp.bharatividyapeeth.edu/iotmumbai/media/pdf/315336-POWER_SYSTEM_OPERATION_AND_CONTROL_060625.pdf
Electrical Engineering,Third Year Fifth Semester,315337 - RENEWABLE ENERGY TECHNOLOGY (Elective),http://bvcoelp.bharatividyapeeth.edu/iotmumbai/media/pdf/315337-RENEWABLE_ENERGY_TECHNOLOGY_060625.pdf
Electrical Engineering,Third Year Sixth Semester,315301 - MANAGEMENT,http://bvcoelp.bharatividyapeeth.edu/iotmumbai/media/pdf/315301-MANAGEMENT_120925.pdf
Electrical Engineering,Third Year Sixth Semester,316326 - EMERGING TRENDS IN ELECTRICAL ENGINEERING,http://bvcoelp.bharatividyapeeth.edu/iotmumbai/media/pdf/316326-EMERGING_TRENDS_IN_ELECTRICAL_ENGINEERING_120925.pdf
Electrical Engineering,Third Year Sixth Semester,316327 - ENERGY CONSERVATION AND AUDIT,http://bvcoelp.bharatividyapeeth.edu/iotmumbai/media/pdf/316327-ENERGY_CONSERVATION_AND_AUDIT_120925.pdf
Electrical Engineering,Third Year Sixth Semester,316328 - MAINTENANCE OF ELECTRICAL EQUIPMENTS,http://bvcoelp.bharatividyapeeth.edu/iotmumbai/media/pdf/316328-MAINTENANCE_OF_ELECTRICAL_EQUIPMENTS_120925.pdf
Electrical Engineering,Third Year Sixth Semester,313011 - BASIC PYTHON PROGRAMMING,http://bvcoelp.bharatividyapeeth.edu/iotmumbai/media/pdf/313011-BASIC_PYTHON_PROGRAMMING_120925.pdf
Electrical Engineering,Third Year Sixth Semester,316004 - CAPSTONE PROJECT,http://bvcoelp.bharatividyapeeth.edu/iotmumbai/media/pdf/316004-CAPSTONE_PROJECT_120925.pdf
Electrical Engineering,Third Year Sixth Semester,316329 - INDUSTRIAL AUTOMATION (Elective),http://bvcoelp.bharatividyapeeth.edu/iotmumbai/media/pdf/316329-INDUSTRIAL_AUTOMATION_120925.pdf
Electrical Engineering,Third Year Sixth Semester,316330 - INDUSTRIAL DRIVES AND CONTROL (Elective),http://bvcoelp.bharatividyapeeth.edu/iotmumbai/media/pdf/316330-INDUSTRIAL_DRIVES_AND_CONTROL_120925.pdf
Electrical Engineering,Third Year Sixth Semester,316331 - POWER SYSTEM ANALYSIS (Elective),http://bvcoelp.bharatividyapeeth.edu/iotmumbai/media/pdf/316331-POWER_SYSTEM_ANALYSIS_120925.pdf
Artificial Intelligence & Machine Learning,First Year First Semester,311302-BASIC MATHEMATICS,http://bvcoelp.bharatividyapeeth.edu/iotmumbai/media/pdf/311302-BASIC_MATHEMATICS_050625.pdf
Artificial Intelligence & Machine Learning,First Year First Semester,311305-BASIC SCIENCE,http://bvcoelp.bharatividyapeeth.edu/iotmumbai/media/pdf/311305-BASIC_SCIENCE_050625.pdf
Artificial Intelligence & Machine Learning,First Year First Semester,311303-COMMUNICATION SKILLS (ENGLISH),http://bvcoelp.bharatividyapeeth.edu/iotmumbai/media/pdf/311303-COMMUNICATION_SKILLS_ENGLISH_050625.pdf
Artificial Intelligence & Machine Learning,First Year First Semester,311008-ENGINEERING GRAPHICS,http://bvcoelp.bharatividyapeeth.edu/iotmumbai/media/pdf/311008-ENGINEERING_GRAPHICS_050625.pdf
Artificial Intelligence & Machine Learning,First Year First Semester,311002-ENGINEERING WORKSHOP PRACTICE,http://bvcoelp.bharatividyapeeth.edu/iotmumbai/media/pdf/311002-ENGINEERING_WORKSHOP_PRACTICE_050625.pdf
Artificial Intelligence & Machine Learning,First Year First Semester,311001-FUNDAMENTALS OF ICT,http://bvcoelp.bharatividyapeeth.edu/iotmumbai/media/pdf/311001-FUNDAMENTALS_OF_ICT_050625.pdf
Artificial Intelligence & Machine Learning,First Year First Semester,311003-YOGA AND MEDITATION,http://bvcoelp.bharatividyapeeth.edu/iotmumbai/media/pdf/311003-YOGA_AND_MEDITATION_050625.pdf
Artificial Intelligence & Machine Learning,First Year Second Semester,312301 - APPLIED MATHEMATICS,http://bvcoelp.bharatividyapeeth.edu/iotmumbai/media/pdf/312301-APPLIED_MATHEMATICS_060625.pdf
Artificial Intelligence & Machine Learning,First Year Second Semester,312302 - BASIC ELECTRICAL AND ELECTRONICS ENGINEERING,http://bvcoelp.bharatividyapeeth.edu/iotmumbai/media/pdf/312302-BASIC_ELECTRICAL_AND_ELECTRONICS_ENGINEERING_060625.pdf
Artificial Intelligence & Machine Learning,First Year Second Semester,312303 - PROGRAMMING IN C,http://bvcoelp.bharatividyapeeth.edu/iotmumbai/media/pdf/312303-PROGRAMMING_IN_C_060625.pdf
Artificial Intelligence & Machine Learning,First Year Second Semester,312001 - LINUX BASICS,http://bvcoelp.bharatividyapeeth.edu/iotmumbai/media/pdf/312001-LINUX_BASICS_060625.pdf
Artificial Intelligence & Machine Learning,First Year Second Semester,312002 - PROFESSIONAL COMMUNICATION,http://bvcoelp.bharatividyapeeth.edu/iotmumbai/media/pdf/312002-PROFESSIONAL_COMMUNICATION_060625.pdf
Artificial Intelligence & Machine Learning,First Year Second Semester,312003 - SOCIAL AND LIFE SKILLS,http://bvcoelp.bharatividyapeeth.edu/iotmumbai/media/pdf/312003-SOCIAL_AND_LIFE_SKILLS_060625.pdf
Artificial Intelligence & Machine Learning,First Year Second Semester,312004 - WEB PAGE DESIGNING,http://bvcoelp.bharatividyapeeth.edu/iotmumbai/media/pdf/312004-WEB_PAGE_DESIGNING_060625.pdf
Artificial Intelligence & Machine Learning,Second Year Third Semester,313302 - DATABASE MANAGEMENT SYSTEM,http://bvcoelp.bharatividyapeeth.edu/iotmumbai/media/pdf/313302-DATABASE_MANAGEMENT_SYSTEM_060625.pdf
Artificial Intelligence & Machine Learning,Second Year Third Semester,313303 - DIGITAL TECHNIQUES,http://bvcoelp.bharatividyapeeth.edu/iotmumbai/media/pdf/313303-DIGITAL_TECHNIQUES_060625.pdf
Artificial Intelligence & Machine Learning,Second Year Third Semester,313306 - DATA STRUCTURE USING PYTHON,http://bvcoelp.bharatividyapeeth.edu/iotmumbai/media/pdf/313306-DATA_STRUCTURE_USING_PYTHON_060625.pdf
Artificial Intelligence & Machine Learning,Second Year Third Semester,313307 - STATISTICAL MODELLING FOR MACHINE LEARNING,http://bvcoelp.bharatividyapeeth.edu/iotmumbai/media/pdf/313307-STATISTICAL_MODELLING_FOR_MACHINE_LEARNING_060625.pdf
Artificial Intelligence & Machine Learning,Second Year Third Semester,313002 - ESSENCE OF INDIAN CONSTITUTION,http://bvcoelp.bharatividyapeeth.edu/iotmumbai/media/pdf/313002-ESSENCE_OF_INDIAN_CONSTITUTION_060625.pdf
Artificial Intelligence & Machine Learning,Second Year Third Semester,313004 - DATA STORY TELLING AND VISUALIZATION,http://bvcoelp.bharatividyapeeth.edu/iotmumbai/media/pdf/313004-DATA_STORY_TELLING_AND_VISUALIZATION_060625.pdf
Artificial Intelligence & Machine Learning,Second Year Fourth Semester,314301 - ENVIRONMENTAL EDUCATION AND SUSTAINABILITY,http://bvcoelp.bharatividyapeeth.edu/iotmumbai/media/pdf/314301-ENVIRONMENTAL_EDUCATION_AND_SUSTAINABILITY_060625.pdf
Artificial Intelligence & Machine Learning,Second Year Fourth Semester,314317 - JAVA PROGRAMMING,http://bvcoelp.bharatividyapeeth.edu/iotmumbai/media/pdf/314317-JAVA_PROGRAMMING_060625.pdf
Artificial Intelligence & Machine Learning,Second Year Fourth Semester,314318 - DATA COMMUNICATION AND COMPUTER NETWORK,http://bvcoelp.bharatividyapeeth.edu/iotmumbai/media/pdf/314318-DATA_COMMUNICATION_AND_COMPUTER_NETWORK_060625.pdf
Artificial Intelligence & Machine Learning,Second Year Fourth Semester,314320 - MATHEMATICS FOR MACHINE LEARNING,http://bvcoelp.bharatividyapeeth.edu/iotmumbai/media/pdf/314320-MATHEMATICS_FOR_MACHINE_LEARNING_060625.pdf
Artificial Intelligence & Machine Learning,Second Year Fourth Semester,314321 - MICROPROCESSOR PROGRAMMING,http://bvcoelp.bharatividyapeeth.edu/iotmumbai/media/pdf/314321-MICROPROCESSOR_PROGRAMMING_060625.pdf
Artificial Intelligence & Machine Learning,Second Year Fourth Semester,314005 - UI_UX DESIGN,http://bvcoelp.bharatividyapeeth.edu/iotmumbai/media/pdf/314005-UI_UX_DESIGN_060625.pdf
Artificial Intelligence & Machine Learning,Third Year Fifth Semester,315319 - OPERATING SYSTEM,http://bvcoelp.bharatividyapeeth.edu/iotmumbai/media/pdf/315319-OPERATING_SYSTEM_060625.pdf
Artificial Intelligence & Machine Learning,Third Year Fifth Semester,315330 - AI & ML ALGORITHM,http://bvcoelp.bharatividyapeeth.edu/iotmumbai/media/pdf/315330-AI_and_ML_ALGORITHM_060625.pdf
Artificial Intelligence & Machine Learning,Third Year Fifth Semester,315002 - ENTREPRENEURSHIP DEVELOPMENT AND STARTUPS,http://bvcoelp.bharatividyapeeth.edu/iotmumbai/media/pdf/315002-ENTREPRENEURSHIP_DEVELOPMENT_AND_STARTUPS_060625.pdf
Artificial Intelligence & Machine Learning,Third Year Fifth Semester,315003 - SEMINAR AND PROJECT INITIATION COURSE,http://bvcoelp.bharatividyapeeth.edu/iotmumbai/media/pdf/315003-SEMINAR_AND_PROJECT_INITIATION_COURSE_060625.pdf
Artificial Intelligence & Machine Learning,Third Year Fifth Semester,315004 - INTERNSHIP (12 WEEKS),http://bvcoelp.bharatividyapeeth.edu/iotmumbai/media/pdf/315004-INTERNSHIP12_WEEKS_060625.pdf
Artificial Intelligence & Machine Learning,Third Year Fifth Semester,315324 - ADVANCE DATABASE MANAGEMENT (Elective),http://bvcoelp.bharatividyapeeth.edu/iotmumbai/media/pdf/315324-ADVANCE_DATABASE_MANAGEMENT_060625.pdf
Artificial Intelligence & Machine Learning,Third Year Fifth Semester,315327 - CLOUD COMPUTING FOR DATA SCIENCE (Elective),http://bvcoelp.bharatividyapeeth.edu/iotmumbai/media/pdf/315327-CLOUD_COMPUTING_FOR_DATA_SCIENCE_060625.pdf
Artificial Intelligence & Machine Learning,Third Year Fifth Semester,315329 - NATURAL LANGUAGE PROCESSING (Elective),http://bvcoelp.bharatividyapeeth.edu/iotmumbai/media/pdf/315329-NATURAL_LANGUAGE_PROCESSING_060625.pdf
Artificial Intelligence & Machine Learning,Third Year Sixth Semester,315301 - MANAGEMENT,http://bvcoelp.bharatividyapeeth.edu/iotmumbai/media/pdf/315301-MANAGEMENT_120925.pdf
Artificial Intelligence & Machine Learning,Third Year Sixth Semester,316318 - BIG DATA ANALYTICS,http://bvcoelp.bharatividyapeeth.edu/iotmumbai/media/pdf/316318-BIG_DATA_ANALYTICS_120925.pdf
Artificial Intelligence & Machine Learning,Third Year Sixth Semester,316319 - PRINCIPLES OF IMAGE PROCESSING,http://bvcoelp.bharatividyapeeth.edu/iotmumbai/media/pdf/316319-PRINCIPLES_OF_IMAGE_PROCESSING_120925.pdf
Artificial Intelligence & Machine Learning,Third Year Sixth Semester,316006 - MOBILE APPLICATION DEVELOPMENT,http://bvcoelp.bharatividyapeeth.edu/iotmumbai/media/pdf/316006-MOBILE_APPLICATION_DEVELOPMENT_120925.pdf
Artificial Intelligence & Machine Learning,Third Year Sixth Semester,316007 - NETWORK MANAGEMENT AND ADMINISTRATION,http://bvcoelp.bharatividyapeeth.edu/iotmumbai/media/pdf/316007-NETWORK_MANAGMENT_AND_ADMINISTRATION_120925.pdf
Artificial Intelligence & Machine Learning,Third Year Sixth Semester,316004 - CAPSTONE PROJECT,http://bvcoelp.bharatividyapeeth.edu/iotmumbai/media/pdf/316004-CAPSTONE_PROJECT_120925.pdf
Artificial Intelligence & Machine Learning,Third Year Sixth Semester,316320 - ADVANCED ALGORITHM IN AI & ML (Elective),http://bvcoelp.bharatividyapeeth.edu/iotmumbai/media/pdf/316320-ADVANCED_ALGORITHM_IN_AI_and_ML_120925.pdf
Artificial Intelligence & Machine Learning,Third Year Sixth Semester,316321 - DATA WAREHOUSING WITH MINING TECHNIQUES (Elective),http://bvcoelp.bharatividyapeeth.edu/iotmumbai/media/pdf/316321-DATA_WAREHOUSING_WITH_MINING_TECHNIQUES_120925.pdf
Artificial Intelligence & Machine Learning,Third Year Sixth Semester,316323 - REINFORCEMENT LEARNING (Elective),http://bvcoelp.bharatividyapeeth.edu/iotmumbai/media/pdf/316323-REINFORCEMENT_LEARNING_120925.pdf
