Scheme,Branch,Semester,Subject / Test Name,PDF URL,Drive Link
K-Scheme,Computer Technology,First Year First Semester,311305 - Basic Physics - Unit Test - 1,https://bvjniot.bharatividyapeeth.edu/media/pdf/question-banks-syllabus/311305-Basic_Physics-Unit_Test-1_041024.pdf,https://drive.google.com/file/d/1wkrVd-VtZ0fuQXE2xgvGJJqOTvbwaXyd/view?usp=drivesdk
K-Scheme,Computer Technology,First Year First Semester,311305 - Basic Physics - Unit Test - 2,https://bvjniot.bharatividyapeeth.edu/media/pdf/question-banks-syllabus/311305-BASIC_PHYSICS-UNIT_TEST-2_131124.pdf,https://drive.google.com/file/d/1hjDVQs5AxO-GhMbFojpXqye28Ep81YWx/view?usp=drivesdk
K-Scheme,Computer Technology,First Year First Semester,311303 - Communication Skills (English) - Unit Test-1,https://bvjniot.bharatividyapeeth.edu/media/pdf/question-banks-syllabus/Communication_Skills_English-311303_Unit_Test-1_201123.pdf,https://drive.google.com/file/d/1pmZJVk54g0bjVKXKJydATz-optoZaFki/view?usp=drivesdk
K-Scheme,Computer Technology,First Year First Semester,311303 - Communication Skills (English) - Unit Test-2,https://bvjniot.bharatividyapeeth.edu/media/pdf/question-banks-syllabus/Communication_Skills_English-311303_Question_Bank-Unit_Test-2_201123.pdf,https://drive.google.com/file/d/1NVI6KOakXUonsgJCPYkGRiakYQUyWLKE/view?usp=drivesdk
K-Scheme,Computer Technology,First Year First Semester,311305 - Basic Chemistry - Unit Test - 1,https://bvjniot.bharatividyapeeth.edu/media/pdf/question-banks-syllabus/311305_Basic_Chemistry_Unit_Test-1_100924.pdf,https://drive.google.com/file/d/1jTf85kV6pKH0edG7pF5LxokPCBMMPNDD/view?usp=drivesdk
K-Scheme,Computer Technology,First Year First Semester,311305 - Basic Chemistry - Unit Test - 2,https://bvjniot.bharatividyapeeth.edu/media/pdf/question-banks-syllabus/311305-BASIC_CHEMISTRY-UNIT_TEST-2_121124.pdf,https://drive.google.com/file/d/1BMSjsviu46T8RqSbofxQ4jRqZhIUV-y6/view?usp=drivesdk
K-Scheme,Computer Technology,First Year First Semester,311302 - Basic Mathematics - Unit Test - 1,https://bvjniot.bharatividyapeeth.edu/media/pdf/question-banks-syllabus/311302_-_BASIC_MATHEMATICS_-_UNIT_TEST_-_1_020825.pdf,https://drive.google.com/file/d/1d5lT5r6eLhIl56bU05WvPQsES0tuluna/view?usp=drivesdk
K-Scheme,Computer Technology,First Year First Semester,311302 - Basic Mathematics - Unit Test - 2,https://bvjniot.bharatividyapeeth.edu/media/pdf/question-banks-syllabus/QB_BMS-311302-_SEM-I_UT-2_111223.pdf,https://drive.google.com/file/d/16P8qdyOWX7uUj5LlkOcvhPI5V-161X6u/view?usp=drivesdk
K-Scheme,Computer Technology,First Year Second Semester,312301 - Applied Mathematics - Unit Test - 1,https://bvjniot.bharatividyapeeth.edu/media/pdf/question-banks-syllabus/312301-APPLIED_MATHEMATICS-Unit_Test-1_070125.pdf,https://drive.google.com/file/d/1Fkl7h7GCiI43227wCwSQVmAF8WCK4deH/view?usp=drivesdk
K-Scheme,Computer Technology,First Year Second Semester,312301 - Applied Mathematics - Unit Test - 2,https://bvjniot.bharatividyapeeth.edu/media/pdf/question-banks-syllabus/312301-APPLIED_MATHEMATICS-Unit_Test-2_010324.pdf,https://drive.google.com/file/d/1U_j4vZfO5ADyRqHuUB4T7gbJCqOuoYyE/view?usp=drivesdk
K-Scheme,Computer Technology,First Year Second Semester,312302 - Basic Electrical and Electronics Engineering - Unit Test - 1,https://bvjniot.bharatividyapeeth.edu/media/pdf/question-banks-syllabus/312302-BASIC_ELECTRICAL_AND_ELECTRONICS_ENGINEERING-_UNIT_TEST_-_1_170125.pdf,https://drive.google.com/file/d/1_PmNEfmjHycwRf9UJ65xqDwjapA25Tpp/view?usp=drivesdk
K-Scheme,Computer Technology,First Year Second Semester,312302 - Basic Electrical and Electronics Engineering - Unit Test - 2,https://bvjniot.bharatividyapeeth.edu/media/pdf/question-banks-syllabus/UNIT2_QB_BEE_2025_130325.pdf,https://drive.google.com/file/d/1sWQVOxBudvIcnkpaIa-OVr4C6DraLadF/view?usp=drivesdk
K-Scheme,Computer Technology,First Year Second Semester,312303 - Programming in C - Unit Test-1,https://bvjniot.bharatividyapeeth.edu/media/pdf/question-banks-syllabus/Question_Bank_PIC_312303_UPDATE_310124.pdf,https://drive.google.com/file/d/1Wd27tF6rSJHr36LXkb_cIV-5ksTUxpLk/view?usp=drivesdk
K-Scheme,Computer Technology,First Year Second Semester,312303 - Programming in C - Unit Test-2,https://bvjniot.bharatividyapeeth.edu/media/pdf/question-banks-syllabus/312303-PROGRAMMING_IN_C-Unit_Test-2_290224.pdf,https://drive.google.com/file/d/1zBzKaK0uIJ3gjZRXyxPmKWBmicEKJqGA/view?usp=drivesdk
K-Scheme,Computer Technology,Second Year Third Semester,313303 - Digital Techniques - Unit Test - 1,https://bvjniot.bharatividyapeeth.edu/media/pdf/question-banks-syllabus/DTE_K_scheme_QB_UT1._120824.pdf,https://drive.google.com/file/d/1W2uFM86sTZQ0ixyuFoah6LUjqMxW73eR/view?usp=drivesdk
K-Scheme,Computer Technology,Second Year Third Semester,313303 - Digital Techniques - Unit Test - 2,https://bvjniot.bharatividyapeeth.edu/media/pdf/question-banks-syllabus/313303_-_DIGITAL_TECHNIQUES__-_UNIT_TEST_-_2_181024.pdf,https://drive.google.com/file/d/1ZgkgOLIJK9SXkBLjtvhCwaCvLENS9fr0/view?usp=drivesdk
K-Scheme,Computer Technology,Second Year Third Semester,313301 - Data Structure Using C - Unit Test - 1,https://bvjniot.bharatividyapeeth.edu/media/pdf/question-banks-syllabus/DSU_313301_120824.pdf,https://drive.google.com/file/d/11migJ7u6u30NZke2BnaWZxZmICMNTI-0/view?usp=drivesdk
K-Scheme,Computer Technology,Second Year Third Semester,313301 - Data Structure Using C - Unit Test - 2,https://bvjniot.bharatividyapeeth.edu/media/pdf/question-banks-syllabus/DSU_313301_UT-2_QB_211024.pdf,https://drive.google.com/file/d/1faJJxyDTMxcy_B1zuTfi2BFBwaNFTyoT/view?usp=drivesdk
K-Scheme,Computer Technology,Second Year Third Semester,313302 - Database Management System - Unit Test - 1,https://bvjniot.bharatividyapeeth.edu/media/pdf/question-banks-syllabus/DMS313302_UT-1_QB_2_120824.pdf,https://drive.google.com/file/d/1j8o8R4dgjtHSMvbyh3GKUwNCW9rmw2bv/view?usp=drivesdk
K-Scheme,Computer Technology,Second Year Third Semester,313302 - Database Management System - Unit Test - 2,https://bvjniot.bharatividyapeeth.edu/media/pdf/question-banks-syllabus/DMS_311302_UT-2_QB_211024.pdf,https://drive.google.com/file/d/1xb2deC_E-CohcFSGHfxOkg5TdsKHuB0y/view?usp=drivesdk
K-Scheme,Computer Technology,Second Year Third Semester,313304 - Object Oriented Programming Using C++ - Unit Test - 1,https://bvjniot.bharatividyapeeth.edu/media/pdf/question-banks-syllabus/313304_070825.pdf,https://drive.google.com/file/d/1aI4MHR5mz8Pt45RgJwMyNAgicRp6HsFx/view?usp=drivesdk
K-Scheme,Computer Technology,Second Year Third Semester,313304 - Object Oriented Programming Using C++ - Unit Test - 2,https://bvjniot.bharatividyapeeth.edu/media/pdf/question-banks-syllabus/313304_-_OBJECT_ORIENTED_PROGRAMMING_USING_C__-_UNIT_TEST_-_2_181024.pdf,https://drive.google.com/file/d/1YirdjJvJ051IkBXBUBUetCLaPdPn7-Yv/view?usp=drivesdk
K-Scheme,Computer Technology,Second Year Fourth Semester,314318 - Data Communication and Computer Network - Unit Test - 1,https://bvjniot.bharatividyapeeth.edu/media/pdf/question-banks-syllabus/314318_-_DATA_COMMUNICATION_AND_COMPUTER_NETWORK-_UNIT_TEST_-_1_170125.pdf,https://drive.google.com/file/d/14ZbeGM3CApFkyyoXrtVjya1xfFx66_nd/view?usp=drivesdk
K-Scheme,Computer Technology,Second Year Fourth Semester,314318 - Data Communication and Computer Network - Unit Test - 2,https://bvjniot.bharatividyapeeth.edu/media/pdf/question-banks-syllabus/314318_-_DATA_COMMUNICATION_AND_COMPUTER_NETWORK_260325.pdf,https://drive.google.com/file/d/1RX1tQtE9nDNswyWVpum-5BmuSJ6KTmfm/view?usp=drivesdk
K-Scheme,Computer Technology,Second Year Fourth Semester,314321 - Microprocessor Programming - Unit Test - 1,https://bvjniot.bharatividyapeeth.edu/media/pdf/question-banks-syllabus/314321-MICROPROCESSOR_PROGRAMMING-UNIT_TEST-1_230125.pdf,https://drive.google.com/file/d/1ItFjEHlcGa_T43ibDn9XFJnWKH2Rd2LU/view?usp=drivesdk
K-Scheme,Computer Technology,Second Year Fourth Semester,314321 - Microprocessor Programming - Unit Test - 2,https://bvjniot.bharatividyapeeth.edu/media/pdf/question-banks-syllabus/MIC_314321_200325.pdf,https://drive.google.com/file/d/1p5Kj-TWdkoeWh1mEoRK_bJLtVAzrYbuP/view?usp=drivesdk
K-Scheme,Computer Technology,Second Year Fourth Semester,314317 - Java Programming - Unit Test - 1,https://bvjniot.bharatividyapeeth.edu/media/pdf/question-banks-syllabus/JPR_314317_QB1_200125.pdf,https://drive.google.com/file/d/1tIRxvoA-qdeteJdNqcXT4si2VAi-hYQm/view?usp=drivesdk
K-Scheme,Computer Technology,Second Year Fourth Semester,314317 - Java Programming - Unit Test - 2,https://bvjniot.bharatividyapeeth.edu/media/pdf/question-banks-syllabus/JPR_314317_200325.pdf,https://drive.google.com/file/d/1zp2ztZdFAJSnE25tLmAyxT0R12sdRTPD/view?usp=drivesdk
K-Scheme,Computer Technology,Second Year Fourth Semester,314301 - Environmental Education and Sustainability - Unit Test - 1,https://bvjniot.bharatividyapeeth.edu/media/pdf/question-banks-syllabus/314301-ENVIRONMENTAL_EDUCATION_AND_SUSTAINABILITY-UNIT_TEST-1_11022025.pdf,https://drive.google.com/file/d/1wIR93cIKAuuaLwekw9xrYBYthZVlRDSy/view?usp=drivesdk
K-Scheme,Computer Technology,Second Year Fourth Semester,314301 - Environmental Education and Sustainability - Unit Test - 2,https://bvjniot.bharatividyapeeth.edu/media/pdf/question-banks-syllabus/EES_314301_200325.pdf,https://drive.google.com/file/d/1c8mIpBbJZC0AVer6e2m1fp_LRgvhBC2Z/view?usp=drivesdk
K-Scheme,Computer Technology,Third Year Fifth Semester,315319 - Operating System - Unit Test - 1,https://bvjniot.bharatividyapeeth.edu/media/pdf/question-banks-syllabus/315319-OSY_Question_Bank-1_K-scheme_080925.pdf,https://drive.google.com/file/d/1hFo2-mGQz953u9qJ1TnIL3j1Yj3G3m4t/view?usp=drivesdk
K-Scheme,Computer Technology,Third Year Fifth Semester,315319 - Operating System - Unit Test - 2,https://bvjniot.bharatividyapeeth.edu/media/pdf/question-banks-syllabus/315319-OPERATING_SYSTEM_-_UNIT_TEST_-_2_031025.pdf,https://drive.google.com/file/d/1Q9cH1pxaQl85-NMHHA0bHVtAqFGCkmmx/view?usp=drivesdk
K-Scheme,Computer Technology,Third Year Fifth Semester,315323 - Software Engineering - Unit Test - 1,https://bvjniot.bharatividyapeeth.edu/media/pdf/question-banks-syllabus/ste315323_QB_080925.pdf,https://drive.google.com/file/d/16gO9a4j0CIieuAVQa_bLNBdXXXMEqMqe/view?usp=drivesdk
K-Scheme,Computer Technology,Third Year Fifth Semester,315323 - Software Engineering - Unit Test - 2,https://bvjniot.bharatividyapeeth.edu/media/pdf/question-banks-syllabus/STE315323_QB_UT2_031025.pdf,https://drive.google.com/file/d/1jTtcedKrMwGbBflw68FXUlHC8nF3lUZS/view?usp=drivesdk
K-Scheme,Computer Technology,Third Year Fifth Semester,315321 - Advance Computer Network - Unit Test - 1,https://bvjniot.bharatividyapeeth.edu/media/pdf/question-banks-syllabus/315321-ACN_2025-_26_UT1_QB_K_scheme_080925.pdf,https://drive.google.com/file/d/1jFseMMuU9J7y0xsO7EYGIFKr97aGyEQG/view?usp=drivesdk
K-Scheme,Computer Technology,Third Year Fifth Semester,315321 - Advance Computer Network - Unit Test - 2,https://bvjniot.bharatividyapeeth.edu/media/pdf/question-banks-syllabus/315321_ACN_UT2_Question_Bank_K_Scheme_031025.pdf,https://drive.google.com/file/d/1WT2FK-gCqe6p2lMdaeIzbX6XTJqatyyB/view?usp=drivesdk
K-Scheme,Computer Technology,Third Year Fifth Semester,315326 - Data Analytics - Unit Test - 1,https://bvjniot.bharatividyapeeth.edu/media/pdf/question-banks-syllabus/315326-DAN__Question_Bank_1_K_scheme_080925.pdf,https://drive.google.com/file/d/1RtCWrpgMF7d0WO2zKMOsNx_iE3P7RPVu/view?usp=drivesdk
K-Scheme,Computer Technology,Third Year Fifth Semester,315326 - Data Analytics - Unit Test - 2,https://bvjniot.bharatividyapeeth.edu/media/pdf/question-banks-syllabus/Data_Analytics315326_UT_2-Question_Bank_031025.pdf,https://drive.google.com/file/d/12-eJtYspB-bCxLDBtM_Dw6YQDdJVb9BI/view?usp=drivesdk
K-Scheme,Computer Technology,Third Year Sixth Semester,315301 - Management - Unit Test - 1,https://bvjniot.bharatividyapeeth.edu/media/pdf/question-banks-syllabus/MAN_315301_Question_Bank_UT_1_Common_to_all_branches_1_120126.pdf,https://drive.google.com/file/d/1Pkaxo_Xn0wXV8NKnhS_tCoJ-Lhr74ulY/view?usp=drivesdk
K-Scheme,Computer Technology,Third Year Sixth Semester,315301 - Management - Unit Test - 2,https://bvjniot.bharatividyapeeth.edu/media/pdf/question-banks-syllabus/315301_MANAGEMENT_UNIT_TEST_2_100326.pdf,https://drive.google.com/file/d/19RJiQB4EWSYInHfKe0hxVL8yo_BWe4Z4/view?usp=drivesdk
K-Scheme,Computer Technology,Third Year Sixth Semester,316313 - Emerging Trends in Computer Engineering and IT - Unit Test - 1,https://bvjniot.bharatividyapeeth.edu/media/pdf/question-banks-syllabus/ETI_316313_Unit_Test_1_Question_Bank_120126.pdf,https://drive.google.com/file/d/1fAXSwL7ZUQuO5EI6Vn7cK3O8N5F_B5sS/view?usp=drivesdk
K-Scheme,Computer Technology,Third Year Sixth Semester,316313 - Emerging Trends in Computer Engineering and IT - Unit Test - 2,https://bvjniot.bharatividyapeeth.edu/media/pdf/question-banks-syllabus/ETI_316313_Unit_Test_2_Question_Bank_100326.pdf,https://drive.google.com/file/d/1mlftQSDOG1hgamQeyAuUStcNI7sT0EGk/view?usp=drivesdk
K-Scheme,Computer Technology,Third Year Sixth Semester,316314 - Software Testing - Unit Test - 1,https://bvjniot.bharatividyapeeth.edu/media/pdf/question-banks-syllabus/SFT_316314_QB_UT1_1_120126.pdf,https://drive.google.com/file/d/1mEIjXRWftlRzZNK5KsgovgWYr39IgJRh/view?usp=drivesdk
K-Scheme,Computer Technology,Third Year Sixth Semester,316314 - Software Testing - Unit Test - 2,https://bvjniot.bharatividyapeeth.edu/media/pdf/question-banks-syllabus/SFT_316314_QB_UT2_100326.pdf,https://drive.google.com/file/d/1MAxOiHvHvI-_K0IcxhAZM7_PEoXwzmGi/view?usp=drivesdk
K-Scheme,Computer Technology,Third Year Sixth Semester,316315 - Digital Forensic and Hacking Techniques - Unit Test - 1,https://bvjniot.bharatividyapeeth.edu/media/pdf/question-banks-syllabus/DFH__316315_120126.pdf,https://drive.google.com/file/d/1cVE6lxbpvePKYjwS2S7vf527ajZYtlXl/view?usp=drivesdk
K-Scheme,Computer Technology,Third Year Sixth Semester,316315 - Digital Forensic and Hacking Techniques - Unit Test - 2,https://bvjniot.bharatividyapeeth.edu/media/pdf/question-banks-syllabus/DFH_316315_UT2_QB_100326.pdf,https://drive.google.com/file/d/1YqkOPEEXguVx-k0bJHZJNiP6an8BFNrW/view?usp=drivesdk
K-Scheme,Computer Technology,Third Year Sixth Semester,316317 - Network and Information Security - Unit Test - 1,https://bvjniot.bharatividyapeeth.edu/media/pdf/question-banks-syllabus/nis_316317_02012026_QB1_120126.pdf,https://drive.google.com/file/d/10JFwR46vsHQXkBv8X-mLZqYfu2vpfdoL/view?usp=drivesdk
K-Scheme,Computer Technology,Third Year Sixth Semester,316317 - Network and Information Security - Unit Test - 2,https://bvjniot.bharatividyapeeth.edu/media/pdf/question-banks-syllabus/NIS_316317_QB2_100326.pdf,https://drive.google.com/file/d/1RGCkAJmJDfekDkxt5wNLNH7z3og-X-BH/view?usp=drivesdk
K-Scheme,Electronics & Telecomm.,First Year First Semester,311305 - Basic Physics - Unit Test - 1,https://bvjniot.bharatividyapeeth.edu/media/pdf/question-banks-syllabus/311305-Basic_Physics-Unit_Test-1_041024.pdf,https://drive.google.com/file/d/1y78CnkWPXywNr51BJBvnIUIUWNZjyHvk/view?usp=drivesdk
K-Scheme,Electronics & Telecomm.,First Year First Semester,311305 - Basic Physics - Unit Test - 2,https://bvjniot.bharatividyapeeth.edu/media/pdf/question-banks-syllabus/311305-BASIC_PHYSICS-UNIT_TEST-2_131124.pdf,https://drive.google.com/file/d/1Ad1WNxWH9ehpHqJjGtIwZwCGjhYhEoFO/view?usp=drivesdk
K-Scheme,Electronics & Telecomm.,First Year First Semester,311303 - Communication Skills (English) - Unit Test-1,https://bvjniot.bharatividyapeeth.edu/media/pdf/question-banks-syllabus/Communication_Skills_English-311303_Unit_Test-1_201123.pdf,https://drive.google.com/file/d/1dKXJpj-4qd6xrAjzLvAvSwjAJYMXTuIO/view?usp=drivesdk
K-Scheme,Electronics & Telecomm.,First Year First Semester,311303 - Communication Skills (English) - Unit Test-2,https://bvjniot.bharatividyapeeth.edu/media/pdf/question-banks-syllabus/Communication_Skills_English-311303_Question_Bank-Unit_Test-2_201123.pdf,https://drive.google.com/file/d/1GQa2JaDza0lXq74fLbMhATTDWwJ_8IC2/view?usp=drivesdk
K-Scheme,Electronics & Telecomm.,First Year First Semester,311305 - Basic Chemistry - Unit Test - 1,https://bvjniot.bharatividyapeeth.edu/media/pdf/question-banks-syllabus/311305_Basic_Chemistry_Unit_Test-1_100924.pdf,https://drive.google.com/file/d/157dJi4B3ZWawLvqWq0LvWfkPJD2mDOtZ/view?usp=drivesdk
K-Scheme,Electronics & Telecomm.,First Year First Semester,311305 - Basic Chemistry - Unit Test - 2,https://bvjniot.bharatividyapeeth.edu/media/pdf/question-banks-syllabus/311305-BASIC_CHEMISTRY-UNIT_TEST-2_121124.pdf,https://drive.google.com/file/d/1g4NuaLgqzx4_nL9-lATp3gT7o0SRhR5b/view?usp=drivesdk
K-Scheme,Electronics & Telecomm.,First Year First Semester,311302 - Basic Mathematics - Unit Test - 1,https://bvjniot.bharatividyapeeth.edu/media/pdf/question-banks-syllabus/311302_-_BASIC_MATHEMATICS_-_UNIT_TEST_-_1_020825.pdf,https://drive.google.com/file/d/1D47tMPpjA4Getf0lDS8l_wS45IbzCBXL/view?usp=drivesdk
K-Scheme,Electronics & Telecomm.,First Year First Semester,311302 - Basic Mathematics - Unit Test - 2,https://bvjniot.bharatividyapeeth.edu/media/pdf/question-banks-syllabus/QB_BMS-311302-_SEM-I_UT-2_111223.pdf,https://drive.google.com/file/d/1KlGNxehVr4N11PQnnWfWKPK2bbvviBno/view?usp=drivesdk
K-Scheme,Electronics & Telecomm.,First Year Second Semester,312316 - Electronic Materials and Components - Unit Test - 1,https://bvjniot.bharatividyapeeth.edu/media/pdf/question-banks-syllabus/312316-ELECTRONIC_MATERIALS_AND_COMPONENTS-_UNIT_TEST_-_1_170125.pdf,https://drive.google.com/file/d/14RUJWgQh2ioQ6ELThq3Ap7jk5LYU7Nzd/view?usp=drivesdk
K-Scheme,Electronics & Telecomm.,First Year Second Semester,312301 - Applied Mathematics - Unit Test - 1,https://bvjniot.bharatividyapeeth.edu/media/pdf/question-banks-syllabus/312301-APPLIED_MATHEMATICS-Unit_Test-1_070125.pdf,https://drive.google.com/file/d/1otR7bAxDy7P7Sy8KTLHBCEloe59lYKhL/view?usp=drivesdk
K-Scheme,Electronics & Telecomm.,First Year Second Semester,312301 - Applied Mathematics - Unit Test - 2,https://bvjniot.bharatividyapeeth.edu/media/pdf/question-banks-syllabus/312301-APPLIED_MATHEMATICS-Unit_Test-2_010324.pdf,https://drive.google.com/file/d/1UXxzsLLR6GAgXwWTBKJrfJLako3yH-7D/view?usp=drivesdk
K-Scheme,Electronics & Telecomm.,First Year Second Semester,312314 - Basic Electronics - Unit Test - 1,https://bvjniot.bharatividyapeeth.edu/media/pdf/question-banks-syllabus/BEL_QB_1_Kscheme_180124.pdf,https://drive.google.com/file/d/1M35dnFNwqH17zZZjqny22aQxSRUECWRH/view?usp=drivesdk
K-Scheme,Electronics & Telecomm.,First Year Second Semester,312314 - Basic Electronics - Unit Test - 2,https://bvjniot.bharatividyapeeth.edu/media/pdf/question-banks-syllabus/312314-BASIC_ELECTRONICS _Unit_Test -2_280224.pdf,https://drive.google.com/file/d/1ubtmtFmYj5VU9VPvXYRWsNoz0tt8QJtu/view?usp=drivesdk
K-Scheme,Electronics & Telecomm.,First Year Second Semester,312315 - Elements of Electrical Engineering - Unit Test - 1,https://bvjniot.bharatividyapeeth.edu/media/pdf/question-banks-syllabus/EEE_UT 1 QueBank K scheme_312315_190124.pdf,https://drive.google.com/file/d/16joHgpOOzsqhO80Cz34hKL57ziMSxZCt/view?usp=drivesdk
K-Scheme,Electronics & Telecomm.,First Year Second Semester,312315 - Elements of Electrical Engineering - Unit Test - 2,https://bvjniot.bharatividyapeeth.edu/media/pdf/question-banks-syllabus/312315_-_ELEMENTS_OF_ELECTRICAL_ENGINEERING_-_Unit_Test_-_1_070324.pdf,https://drive.google.com/file/d/1OToUmcZTOmG-32dvTA02bXK-JD07xvfm/view?usp=drivesdk
K-Scheme,Electronics & Telecomm.,Second Year Third Semester,313324 - Analog Electronics - Unit Test - 1,https://bvjniot.bharatividyapeeth.edu/media/pdf/question-banks-syllabus/313324_-_ANALOG_ELECTRONICS_-_UNIT_TEST_-1_250725.pdf,https://drive.google.com/file/d/1oC5OzXiq6txwZWJBr-JkVhm6S0RB5Wrs/view?usp=drivesdk
K-Scheme,Electronics & Telecomm.,Second Year Third Semester,313324 - Analog Electronics - Unit Test - 2,https://bvjniot.bharatividyapeeth.edu/media/pdf/question-banks-syllabus/313324_-_ANALOG_ELECTRONICS_-_UNIT_TEST_-_2_181024.pdf,https://drive.google.com/file/d/1JwTpaFy5WTydIbcGI3S1qBoKzj7XO86x/view?usp=drivesdk
K-Scheme,Electronics & Telecomm.,Second Year Third Semester,313325 - Circuits & Networks - Unit Test - 1,https://bvjniot.bharatividyapeeth.edu/media/pdf/question-banks-syllabus/313325_CKN_Question_bank_Unit_Test_1_100924.pdf,https://drive.google.com/file/d/1JxT96Nn9gmTLyOnlrLGXnnMxHa9ybDu1/view?usp=drivesdk
K-Scheme,Electronics & Telecomm.,Second Year Third Semester,313325 - Circuits & Networks - Unit Test - 2,https://bvjniot.bharatividyapeeth.edu/media/pdf/question-banks-syllabus/313325_-_CIRCUITS__NETWORKS_-_UNIT_TEST_-2_17102024.pdf,https://drive.google.com/file/d/1-HfRP9n1CygEPmNy0aZOUaIYDSHxjAtm/view?usp=drivesdk
K-Scheme,Electronics & Telecomm.,Second Year Third Semester,313303 - Digital Techniques - Unit Test - 1,https://bvjniot.bharatividyapeeth.edu/media/pdf/question-banks-syllabus/DTE_K_scheme_QB_UT1._120824.pdf,https://drive.google.com/file/d/1sPSQ2olJsL9L2KKUJ9jHzMwq2q5Wsu8s/view?usp=drivesdk
K-Scheme,Electronics & Telecomm.,Second Year Third Semester,313303 - Digital Techniques - Unit Test - 2,https://bvjniot.bharatividyapeeth.edu/media/pdf/question-banks-syllabus/313303_-_DIGITAL_TECHNIQUES__-_UNIT_TEST_-_2_181024.pdf,https://drive.google.com/file/d/144wydFI--MmjX7ftc8TIaA77LRf5Ncnw/view?usp=drivesdk
K-Scheme,Electronics & Telecomm.,Second Year Third Semester,313326 - Principles of Electronic Communication - Unit Test - 1,https://bvjniot.bharatividyapeeth.edu/media/pdf/question-banks-syllabus/313326_-_PRINCIPLES_OF_ELECTRONIC_COMMUNICATION__-_UNIT_TEST_-1_140824.pdf,https://drive.google.com/file/d/1QModqRQp_b853BHWtwNc_Lv7kEn0SqOE/view?usp=drivesdk
K-Scheme,Electronics & Telecomm.,Second Year Third Semester,313326 - Principles of Electronic Communication - Unit Test - 2,https://bvjniot.bharatividyapeeth.edu/media/pdf/question-banks-syllabus/313326_-_PRINCIPLES_OF_ELECTRONIC_COMMUNICATION__-_UNIT_TEST_-2_181024.pdf,https://drive.google.com/file/d/17EMnplRfM0VNkKlR6ZDDdjrGufkktn9L/view?usp=drivesdk
K-Scheme,Electronics & Telecomm.,Second Year Fourth Semester,314326 - Digital Communication Systems - Unit Test - 1,https://bvjniot.bharatividyapeeth.edu/media/pdf/question-banks-syllabus/314326_-_DIGITAL_COMMUNICATION_SYSTEMS-_UNIT_TEST_-_1_040825.pdf,https://drive.google.com/file/d/1hAemiiPMcNF46h6NVELhZT6iNCrYja7M/view?usp=drivesdk
K-Scheme,Electronics & Telecomm.,Second Year Fourth Semester,314326 - Digital Communication Systems - Unit Test - 2,https://bvjniot.bharatividyapeeth.edu/media/pdf/question-banks-syllabus/DCS_QB_UT2_K-SCHEME_250325.pdf,https://drive.google.com/file/d/1YQxEJiOvrSNPVXY1UN60LtkB8oQ2X35e/view?usp=drivesdk
K-Scheme,Electronics & Telecomm.,Second Year Fourth Semester,314327 - Consumer Electronic Systems - Unit Test - 1,https://bvjniot.bharatividyapeeth.edu/media/pdf/question-banks-syllabus/314327_-_CONSUMER_ELECTRONIC_SYSTEMS-_UNIT_TEST_-_1.pdf,https://drive.google.com/file/d/11j_eQmw2HQRSYmvhg0hJE54e8Qqx_hde/view?usp=drivesdk
K-Scheme,Electronics & Telecomm.,Second Year Fourth Semester,314327 - Consumer Electronic Systems - Unit Test - 2,https://bvjniot.bharatividyapeeth.edu/media/pdf/question-banks-syllabus/314327_CEL_QB_Unit_Test-2_250325.pdf,https://drive.google.com/file/d/1okqxjPu6jbrQzkqyGf3ev-P39xRs66Y1/view?usp=drivesdk
K-Scheme,Electronics & Telecomm.,Second Year Fourth Semester,314328 - Microcontroller & Applications - Unit Test - 1,https://bvjniot.bharatividyapeeth.edu/media/pdf/question-banks-syllabus/314328_-_MICROCONTROLLER__APPLICATIONS-_UNIT_TEST_-_1_170125.pdf,https://drive.google.com/file/d/199JOIJKEHY7RQ_h_w74I2RSaJO7QAZs5/view?usp=drivesdk
K-Scheme,Electronics & Telecomm.,Second Year Fourth Semester,314328 - Microcontroller & Applications - Unit Test - 2,https://bvjniot.bharatividyapeeth.edu/media/pdf/question-banks-syllabus/MAA314328_200325.pdf,https://drive.google.com/file/d/1_W0AXlDYIdmC5T0EsSAd8YdBHNRXdtmr/view?usp=drivesdk
K-Scheme,Electronics & Telecomm.,Second Year Fourth Semester,314363 - Basic Power Electronics - Unit Test - 1,https://bvjniot.bharatividyapeeth.edu/media/pdf/question-banks-syllabus/BPE_QB_UT-1_180125.pdf,https://drive.google.com/file/d/1m0sX08Ou84QBjB9voV2RDktPt5W-rZqr/view?usp=drivesdk
K-Scheme,Electronics & Telecomm.,Second Year Fourth Semester,314363 - Basic Power Electronics - Unit Test - 2,https://bvjniot.bharatividyapeeth.edu/media/pdf/question-banks-syllabus/BPE_-314363_200325.pdf,https://drive.google.com/file/d/1aK134Ojax2nf5M7nimn_ErqPaSqeYUYJ/view?usp=drivesdk
K-Scheme,Electronics & Telecomm.,Second Year Fourth Semester,314301 - Environmental Education and Sustainability - Unit Test - 1,https://bvjniot.bharatividyapeeth.edu/media/pdf/question-banks-syllabus/314301-ENVIRONMENTAL_EDUCATION_AND_SUSTAINABILITY-UNIT_TEST-1_11022025.pdf,https://drive.google.com/file/d/1Xy7mnx1LNuCSXgJhShEzLPKF2d3ZmNc3/view?usp=drivesdk
K-Scheme,Electronics & Telecomm.,Second Year Fourth Semester,314301 - Environmental Education and Sustainability - Unit Test - 2,https://bvjniot.bharatividyapeeth.edu/media/pdf/question-banks-syllabus/EES_314301_200325.pdf,https://drive.google.com/file/d/12I8lXYE3dZJPMvvhTojt1rUW1KSd9rQH/view?usp=drivesdk
K-Scheme,Electronics & Telecomm.,Third Year Fifth Semester,315338 - Embedded System - Unit Test - 1,https://bvjniot.bharatividyapeeth.edu/media/pdf/question-banks-syllabus/QB_ESY_315338_080925.pdf,https://drive.google.com/file/d/1ATWuM_GReM-jTaREdF-yI0BILihdvrzC/view?usp=drivesdk
K-Scheme,Electronics & Telecomm.,Third Year Fifth Semester,315338 - Embedded System - Unit Test - 2,https://bvjniot.bharatividyapeeth.edu/media/pdf/question-banks-syllabus/QB_UT-II_ESY315338_EJ5K_031025.pdf,https://drive.google.com/file/d/11VS0o5yAc3mAywBoGK7EyIoTbTDOG7BF/view?usp=drivesdk
K-Scheme,Electronics & Telecomm.,Third Year Fifth Semester,315339 - Mobile & Wireless Communication - Unit Test - 1,https://bvjniot.bharatividyapeeth.edu/media/pdf/question-banks-syllabus/315339_2_080925.pdf,https://drive.google.com/file/d/1mBVuoAiwQbarDzOLUraT3V8aruwL8Qoz/view?usp=drivesdk
K-Scheme,Electronics & Telecomm.,Third Year Fifth Semester,315339 - Mobile & Wireless Communication - Unit Test - 2,https://bvjniot.bharatividyapeeth.edu/media/pdf/question-banks-syllabus/315339__MWC_ut2_QB_1_031025.pdf,https://drive.google.com/file/d/1xF2oHQL2RTKeSzguNOb2ZRV1C7ynvuBm/view?usp=drivesdk
K-Scheme,Electronics & Telecomm.,Third Year Fifth Semester,315342 - Microwave Engineering & Radar System - Unit Test - 1,https://bvjniot.bharatividyapeeth.edu/media/pdf/question-banks-syllabus/315342-Microwave_Engineering__and_RADAR_System_MAR_080925.pdf,https://drive.google.com/file/d/1XuIEoPV2a7tR5NkRXIlZrq2HRH_ydl0L/view?usp=drivesdk
K-Scheme,Electronics & Telecomm.,Third Year Fifth Semester,315342 - Microwave Engineering & Radar System - Unit Test - 2,https://bvjniot.bharatividyapeeth.edu/media/pdf/question-banks-syllabus/315342_MAR_QB_UT2_031025.pdf,https://drive.google.com/file/d/1-y3iu_ulHaQVcSjnuYcbofQg2WCnt5ov/view?usp=drivesdk
K-Scheme,Electronics & Telecomm.,Third Year Sixth Semester,315301 - Management - Unit Test - 1,https://bvjniot.bharatividyapeeth.edu/media/pdf/question-banks-syllabus/MAN_315301_Question_Bank_UT_1_Common_to_all_branches_1_120126.pdf,https://drive.google.com/file/d/1ZQe85DXxLKjwmh5viO_J7sDvBiIrQeTD/view?usp=drivesdk
K-Scheme,Electronics & Telecomm.,Third Year Sixth Semester,315301 - Management - Unit Test - 2,https://bvjniot.bharatividyapeeth.edu/media/pdf/question-banks-syllabus/315301_MANAGEMENT_UNIT_TEST_2_100326.pdf,https://drive.google.com/file/d/1D2FnFFZncMu4_Ql11Ia4G0J_s7UbYSQT/view?usp=drivesdk
K-Scheme,Electronics & Telecomm.,Third Year Sixth Semester,316337 - Emerging Trends in Electronics - Unit Test - 1,https://bvjniot.bharatividyapeeth.edu/media/pdf/question-banks-syllabus/316337_ETE_120126.pdf,https://drive.google.com/file/d/1HXXY35E-Ub6hzlb4DRTWbFeAGM0gRetU/view?usp=drivesdk
K-Scheme,Electronics & Telecomm.,Third Year Sixth Semester,316337 - Emerging Trends in Electronics - Unit Test - 2,https://bvjniot.bharatividyapeeth.edu/media/pdf/question-banks-syllabus/316337_Question_bank_ETE_2_100326.pdf,https://drive.google.com/file/d/10AymA34_1EDTuw-DlRZUQuAk-rKEshBp/view?usp=drivesdk
K-Scheme,Electronics & Telecomm.,Third Year Sixth Semester,316332 - Optical Network and Satellite Communication - Unit Test - 1,https://bvjniot.bharatividyapeeth.edu/media/pdf/question-banks-syllabus/ONS_QB_316332_16012026.pdf,https://drive.google.com/file/d/1NK4-pvwOYh1td0PU7me7bxwOyqe2xrxP/view?usp=drivesdk
K-Scheme,Electronics & Telecomm.,Third Year Sixth Semester,316332 - Optical Network and Satellite Communication - Unit Test - 2,https://bvjniot.bharatividyapeeth.edu/media/pdf/question-banks-syllabus/ONS_UT2_QB_316332_100326.pdf,https://drive.google.com/file/d/1A8fEB99rRilu1LPIpbBkIxtltuuhwLp5/view?usp=drivesdk
K-Scheme,Electronics & Telecomm.,Third Year Sixth Semester,316338 - Computer Network & Data Communication - Unit Test - 1,https://bvjniot.bharatividyapeeth.edu/media/pdf/question-banks-syllabus/316338_CNDUT1_QUESTION_BANK_120126.pdf,https://drive.google.com/file/d/1fKs3TofpaH65NLMcEk9Itddw0dHVS1iu/view?usp=drivesdk
K-Scheme,Electronics & Telecomm.,Third Year Sixth Semester,316338 - Computer Network & Data Communication - Unit Test - 2,https://bvjniot.bharatividyapeeth.edu/media/pdf/question-banks-syllabus/316338_CND_UT2_QUESTION_BANK_316338_100326.pdf,https://drive.google.com/file/d/1T0isLeQ5MaUvp_J0XJlU4cDBPm11UNIs/view?usp=drivesdk
K-Scheme,Electronics & Telecomm.,Third Year Sixth Semester,316340 - VLSI Applications - Unit Test - 1,https://bvjniot.bharatividyapeeth.edu/media/pdf/question-banks-syllabus/VLSI_Apllications_25_26_QB1_316340_230126.pdf,https://drive.google.com/file/d/1VUScq_N1mw0rB2up9ifR0T-BdLhGnWk2/view?usp=drivesdk
K-Scheme,Electronics & Telecomm.,Third Year Sixth Semester,316340 - VLSI Applications - Unit Test - 2,https://bvjniot.bharatividyapeeth.edu/media/pdf/question-banks-syllabus/VLS_316340_QB2_25_26_100326.pdf,https://drive.google.com/file/d/1ywAbkdifpFVQatxBhuIz1dWOuW9quZQ7/view?usp=drivesdk
K-Scheme,Information Technology,First Year First Semester,311305 - Basic Physics - Unit Test - 1,https://bvjniot.bharatividyapeeth.edu/media/pdf/question-banks-syllabus/311305-Basic_Physics-Unit_Test-1_041024.pdf,https://drive.google.com/file/d/1-Jge0dXdzKHnHHZYQeTycMit_3OKeZXe/view?usp=drivesdk
K-Scheme,Information Technology,First Year First Semester,311305 - Basic Physics - Unit Test - 2,https://bvjniot.bharatividyapeeth.edu/media/pdf/question-banks-syllabus/311305-BASIC_PHYSICS-UNIT_TEST-2_131124.pdf,https://drive.google.com/file/d/1Dybq4h6B5gStVSs1Hly6GzfKR3zIGkGN/view?usp=drivesdk
K-Scheme,Information Technology,First Year First Semester,311303 - Communication Skills (English) - Unit Test-1,https://bvjniot.bharatividyapeeth.edu/media/pdf/question-banks-syllabus/Communication_Skills_English-311303_Unit_Test-1_201123.pdf,https://drive.google.com/file/d/1WnInuh25v9zLz8E60ZxzCOw2IJcv4rck/view?usp=drivesdk
K-Scheme,Information Technology,First Year First Semester,311303 - Communication Skills (English) - Unit Test-2,https://bvjniot.bharatividyapeeth.edu/media/pdf/question-banks-syllabus/Communication_Skills_English-311303_Question_Bank-Unit_Test-2_201123.pdf,https://drive.google.com/file/d/1SxWa2y0Mb7zgGvb-5L9Z25THt4gLy6S9/view?usp=drivesdk
K-Scheme,Information Technology,First Year First Semester,311305 - Basic Chemistry - Unit Test - 1,https://bvjniot.bharatividyapeeth.edu/media/pdf/question-banks-syllabus/311305_Basic_Chemistry_Unit_Test-1_100924.pdf,https://drive.google.com/file/d/1M79IwttnDvhIiOFS1mAkf_NJQDu9vndv/view?usp=drivesdk
K-Scheme,Information Technology,First Year First Semester,311305 - Basic Chemistry - Unit Test - 2,https://bvjniot.bharatividyapeeth.edu/media/pdf/question-banks-syllabus/311305-BASIC_CHEMISTRY-UNIT_TEST-2_121124.pdf,https://drive.google.com/file/d/1XEu_Cb3YMbN_L_PfPf2xvp2UHXy00Kbe/view?usp=drivesdk
K-Scheme,Information Technology,First Year First Semester,311302 - Basic Mathematics - Unit Test - 1,https://bvjniot.bharatividyapeeth.edu/media/pdf/question-banks-syllabus/311302_-_BASIC_MATHEMATICS_-_UNIT_TEST_-_1_020825.pdf,https://drive.google.com/file/d/1BfYDwj3oLSOJiyW9EDqPE7SIOovdbNvm/view?usp=drivesdk
K-Scheme,Information Technology,First Year First Semester,311302 - Basic Mathematics - Unit Test - 2,https://bvjniot.bharatividyapeeth.edu/media/pdf/question-banks-syllabus/QB_BMS-311302-_SEM-I_UT-2_111223.pdf,https://drive.google.com/file/d/1GfSjkM3TPzFEdexMG6abICvIRYUeNlu2/view?usp=drivesdk
K-Scheme,Information Technology,First Year Second Semester,312301 - Applied Mathematics - Unit Test - 1,https://bvjniot.bharatividyapeeth.edu/media/pdf/question-banks-syllabus/312301-APPLIED_MATHEMATICS-Unit_Test-1_070125.pdf,https://drive.google.com/file/d/1B2bMBGMOmC_afc9rQkgHOhKKHaS5Nn2s/view?usp=drivesdk
K-Scheme,Information Technology,First Year Second Semester,312301 - Applied Mathematics - Unit Test - 2,https://bvjniot.bharatividyapeeth.edu/media/pdf/question-banks-syllabus/312301-APPLIED_MATHEMATICS-Unit_Test-2_010324.pdf,https://drive.google.com/file/d/1VjoTnbkSl4XQxlU8JQIC7YJdBUfLmkcE/view?usp=drivesdk
K-Scheme,Information Technology,First Year Second Semester,312302 - Basic Electrical and Electronics Engineering - Unit Test - 1,https://bvjniot.bharatividyapeeth.edu/media/pdf/question-banks-syllabus/312302-BASIC_ELECTRICAL_AND_ELECTRONICS_ENGINEERING-_UNIT_TEST_-_1_170125.pdf,https://drive.google.com/file/d/16R6qp22jKsS8Lqr7vZiCpk1VK-SrVxtf/view?usp=drivesdk
