Subject,Publication/Description,Year Level,Semester,Download Link
Basic Science (Chemistry),"Tech - Max Publication, Pune",First Year Diploma,Semester - 1,https://drive.google.com/file/d/1d6BYuCNVvnLAe2krluY08Xzyt1TyrgMR/view?usp=drivesdk
Basic Mathematics,"Tech - Max Publication, Pune",First Year Diploma,Semester - 1,https://drive.google.com/file/d/1cyIryxIYqEu8eGrG-Tx3To28dOfj4Ltf/view?usp=drivesdk
Basic Mathematics,Learning Manual,First Year Diploma,Semester - 1,https://drive.google.com/file/d/1d8QCZU7bFM8fyIg6uZWDqmueRXuZ2Dl0/view?usp=drivesdk
Basic Science,Learning Manual,First Year Diploma,Semester - 1,https://drive.google.com/file/d/1dAsIAksBau_HPEyVv6IlPtuFSxSYUNPv/view?usp=drivesdk
Engineering Graphics,"Tech - Max Publication, Pune",First Year Diploma,Semester - 1,https://drive.google.com/file/d/1dBYg-eNR8Jtl2eTLVxOU-oPfjrG_bBam/view?usp=drivesdk
English,Work Book,First Year Diploma,Semester - 1,https://drive.google.com/file/d/1dMx1_E93PNOljTSHDT6-4_NeHDZDDRwH/view?usp=drivesdk
Fundamentals ICT,N/A,First Year Diploma,Semester - 1,https://drive.google.com/file/d/1dR3deTQjXbAWc2Gse-0QiJvu-10XafPo/view?usp=drivesdk
Applied Mathematics,Nirali Publication,First Year Diploma,Semester - 2,https://drive.google.com/file/d/10EFggo4F6CoOzt_HKcvTMRSfIejLosw1/view?usp=drivesdk
Basic Electronic,Technical Publication,First Year Diploma,Semester - 2,https://drive.google.com/file/d/10G84ixIOSOSu_XMXUtYFdKOaZy6D8uMU/view?usp=drivesdk
Programming in C,N/A,First Year Diploma,Semester - 2,https://drive.google.com/file/d/10K1xIqLBEe9HVRtCt-6oQZMEjBAhG7zy/view?usp=drivesdk
Computer Peripherals and Hardware Maintenance,N/A,First Year Diploma,Semester - 2,https://drive.google.com/file/d/10SJjMq3Kk0b2Q2io_Vk5kbDOxu6pV0vk/view?usp=drivesdk
Computer Peripherals and Hardware Maintenance,N/A,First Year Diploma,Semester - 2,https://drive.google.com/file/d/10OGvgIRAgHstuzqZgAehlt5tBKMemdMn/view?usp=drivesdk
Elements of Electrical Engineering,Technical Publication,First Year Diploma,Semester - 2,https://drive.google.com/file/d/10X-VM5atvcXPdMi3CSixMruTMB8KOAKP/view?usp=drivesdk
Elements of Electrical Engineering,Technical Publication,First Year Diploma,Semester - 2,https://drive.google.com/file/d/10_0GaGkZqmhsiPSg1u3Gkf_JDM3uMJLK/view?usp=drivesdk
Web Page Designing with HTML,N/A,First Year Diploma,Semester - 2,https://drive.google.com/file/d/10_kOdJBVs1eKhlvYa6BIc1Xw-YgTCHBZ/view?usp=drivesdk
Programming in C,Technical Publication,First Year Diploma,Semester - 2,https://drive.google.com/file/d/10a03Gd3iLFNBMHQVzD1oeAaXUhIaFRPh/view?usp=drivesdk
Web Page Designing with HTML,Tech - Max Publication,First Year Diploma,Semester - 2,https://drive.google.com/file/d/10qtOfGALB37uhyfPGqU_67sJm5k8VSYA/view?usp=drivesdk
Computer Graphics,N/A,Second Year Diploma,Semester - 3,https://drive.google.com/file/d/12LzE5vK45VItilDr9F-WSEO2xQUYWXIj/view?usp=drivesdk
Database Management System,N/A,Second Year Diploma,Semester - 3,https://drive.google.com/file/d/12Px_HRXSvKZeb9RDW7Ohjmewq0xyKZll/view?usp=drivesdk
Data Structures Using C,N/A,Second Year Diploma,Semester - 3,https://drive.google.com/file/d/12Z1LOgg5fYIp606l409Vv_QWNrecPizV/view?usp=drivesdk
Database Management System,N/A,Second Year Diploma,Semester - 3,https://drive.google.com/file/d/12Z5JFKpNZpjrClpH6GhlkrfZCmKOvOSr/view?usp=drivesdk
Database Management System,N/A,Second Year Diploma,Semester - 3,https://drive.google.com/file/d/12fq5ihpauDSkim6evoEwbMTz8cK0Itpv/view?usp=drivesdk
Database Management System,Tech Knowledge Publication,Second Year Diploma,Semester - 3,https://drive.google.com/file/d/12oOEHT2Dzp3rRBR2Xfh3oLd6e6cwca2t/view?usp=drivesdk
Data Structures Using C,Tech - Max Publication,Second Year Diploma,Semester - 3,https://drive.google.com/file/d/12q1CAeCTjgDO4teWuUJrgHjJU6fkD1JQ/view?usp=drivesdk
Digital Electronics,N/A,Second Year Diploma,Semester - 3,https://drive.google.com/file/d/12yl3AUndrt_rGbJJPzfaEqfKMxFfumJw/view?usp=drivesdk
Computer Graphics,N/A,Second Year Diploma,Semester - 3,https://drive.google.com/file/d/13-ytnGbAoFd9mKySSfvHzNV4iP0WMn4z/view?usp=drivesdk
Object Oriented Programming in C++,N/A,Second Year Diploma,Semester - 3,https://drive.google.com/file/d/130oLgDFakOQoAK0I_4ajSmDyxbar-L0w/view?usp=drivesdk
Object Oriented Programming in C++,Tech Knowledge Publication,Second Year Diploma,Semester - 3,https://drive.google.com/file/d/131DEgq9x9m0Hb_DDNv4_gNknycaPT890/view?usp=drivesdk
Computer Graphics,N/A,Second Year Diploma,Semester - 3,https://drive.google.com/file/d/134Txms1J7w48PWOnfA3PmEgRYViGzetG/view?usp=drivesdk
GUI Application Development using VB.Net,N/A,Second Year Diploma,Semester - 4,https://drive.google.com/file/d/13KuEFlePlr1tUNbhbaxg5NtiGxeQtw8U/view?usp=drivesdk
GUI Application Development using VB.Net,N/A,Second Year Diploma,Semester - 4,https://drive.google.com/file/d/13Q1PBznK9gTAdsdGqIT0jD9N6VI_yHdE/view?usp=drivesdk
Data Communication and Computer Network,N/A,Second Year Diploma,Semester - 4,https://drive.google.com/file/d/13RFudFijUszNjhD4_Jl2QaZN1omDEP38/view?usp=drivesdk
Java Programming,N/A,Second Year Diploma,Semester - 4,https://drive.google.com/file/d/13RjCxs8901zoYs4nvoZsgccDrelVqZnx/view?usp=drivesdk
Microprocessor,Tex - Max Publication,Second Year Diploma,Semester - 4,https://drive.google.com/file/d/13Vl0NLNeQGQVQkiUjbJCKCbNl_s9brH6/view?usp=drivesdk
GUI Application Development using VB.Net,N/A,Second Year Diploma,Semester - 4,https://drive.google.com/file/d/13eSj8HNn98Qz2NRU4ayjvTkaGeudq1Hj/view?usp=drivesdk
Software Engineering,Tex - Max Publication,Second Year Diploma,Semester - 4,https://drive.google.com/file/d/1jqjR3_ivo024cjUaFSrm2wYkbP_xs2Jr/view?usp=drivesdk
Java Programming,Tex - Max Publication,Second Year Diploma,Semester - 4,https://drive.google.com/file/d/1yRCNv_5g56hIUxwCW13SuXPIEI5eXddf/view?usp=drivesdk
Software Engineering,N/A,Second Year Diploma,Semester - 4,https://drive.google.com/file/d/13WScNQcJ-HhEPNNKng-zqKugJwtAU5JD/view?usp=drivesdk
Advanced Java Programming,N/A,Third Year Diploma,Semester - 5,https://drive.google.com/file/d/13liA42LvoZSgED_eYGj8mSvTWUeT878r/view?usp=drivesdk
Advanced Java Programming,Nirali Prakashan,Third Year Diploma,Semester - 5,https://drive.google.com/file/d/13maTQ_cjAz0sRbXh-xn8xW1JSfnf6V-c/view?usp=drivesdk
Computer Network,N/A,Third Year Diploma,Semester - 5,https://drive.google.com/file/d/13mvXfaqhXVtLqIgPRqMPw6PXt9y3BkKD/view?usp=drivesdk
Client Side Scripting Language,N/A,Third Year Diploma,Semester - 5,https://drive.google.com/file/d/140pG7jgcfGGnDzB4_rjNCN-bDrRUgSH7/view?usp=drivesdk
Software Testing,N/A,Third Year Diploma,Semester - 5,https://drive.google.com/file/d/17pMQwZhJSTuG1zm-kAp66eJet0AoTW4s/view?usp=drivesdk
Environmental Studies,N/A,Third Year Diploma,Semester - 5,https://drive.google.com/file/d/1441xH39YbRA76yVpFLarIFA_z9LV5Pc8/view?usp=drivesdk
Operating System,N/A,Third Year Diploma,Semester - 5,https://drive.google.com/file/d/14PIVOFFqE5G9d5dsOL-tIs8xYhq9LpKL/view?usp=drivesdk
Software Testing,N/A,Third Year Diploma,Semester - 5,https://drive.google.com/file/d/17qAHCaUpjZDSBtqZce2Ny8wBkqu_qf_h/view?usp=drivesdk
Software Testing,Technical Publication,Third Year Diploma,Semester - 5,https://drive.google.com/file/d/14QYoLKsJmjFXOImQ8BiejyWjGt7MW9jz/view?usp=drivesdk
Advanced Java Programming,Tech Knowledge Publication,Third Year Diploma,Semester - 5,https://drive.google.com/file/d/176zWMf3gF8l_fAnp6f8aznrutaurT7q2/view?usp=drivesdk
Environmental Studies,N/A,Second Year Diploma,Semester - 4,https://drive.google.com/file/d/1jLde1GaFBTld4ZfHVsfnCRI612UD6x1F/view?usp=drivesdk
Client Side Scripting Language,Tech Knowledge Publication,Third Year Diploma,Semester - 5,https://drive.google.com/file/d/17EGddiQ-yPcVuiVp3XAKzwKyaFl4s5L1/view?usp=drivesdk
Web Based Application Development using PHP,N/A,Third Year Diploma,Semester - 6,https://drive.google.com/file/d/18Jyu3RtU0maMTsEy_s0kR98pRgjd5uoG/view?usp=drivesdk
Web Based Application Development using PHP,N/A,Third Year Diploma,Semester - 6,https://drive.google.com/file/d/18O5bomyNYFD3slgdTTseIQVDT0yePOVL/view?usp=drivesdk
Programming with Python,N/A,Third Year Diploma,Semester - 6,https://drive.google.com/file/d/14U8VwKjWmrEp6WUZzInnA2_Yb5_RZ1Rg/view?usp=drivesdk
Entrepreneurship Development,N/A,Third Year Diploma,Semester - 6,https://drive.google.com/file/d/1l4NNXRTacDcHxWDVd_vKSOUMOovceOZS/view?usp=drivesdk
Entrepreneurship Development And Project Management,N/A,Third Year Diploma,Semester - 6,https://drive.google.com/file/d/1l5khGMGraQq_yluFlg-V6QwQ1BcgDf1E/view?usp=drivesdk
Entrepreneurship Development,N/A,Third Year Diploma,Semester - 6,https://drive.google.com/file/d/1l90gPtlOpshGJX6ObH8pziqROltnENEh/view?usp=drivesdk
Entrepreneurship Development,N/A,Third Year Diploma,Semester - 6,https://drive.google.com/file/d/1lANfG4ei4U55bqY3wGmn7ciyhk-wZJK-/view?usp=drivesdk
Management,Tech Knowledge Publication,Third Year Diploma,Semester - 6,https://drive.google.com/file/d/1lCLZ_ZQDuDx3v9Zq1kYACTow42GMyTgn/view?usp=drivesdk
Web Based Application Development using PHP,N/A,Third Year Diploma,Semester - 6,https://drive.google.com/file/d/18Ja-ra38v-JuWVZG5c_-LQ0Zi_J6SvsI/view?usp=drivesdk
Management,N/A,Third Year Diploma,Semester - 6,https://drive.google.com/file/d/14ZRhPaA0BfMwPN3g3AjrcZZDjMD1INz0/view?usp=drivesdk
Mobile Application Development,N/A,Third Year Diploma,Semester - 6,https://drive.google.com/file/d/14_zuY6-DqRMQt28G6hgIpC4e9vWB4Kg5/view?usp=drivesdk
Web Based Application Development using PHP,N/A,Third Year Diploma,Semester - 6,https://drive.google.com/file/d/18PKDArJQmzX53yVtUctXqyUZ1ZHKoaj6/view?usp=drivesdk
Web Based Application Development using PHP,N/A,Third Year Diploma,Semester - 6,https://drive.google.com/file/d/18SFIGr_Yg9AE4ePLH3LPZL7DMOhoRIEH/view?usp=drivesdk
Programming with Python,N/A,Third Year Diploma,Semester - 6,https://drive.google.com/file/d/14jzxz0heNujYtH74RYNJ_tY9Mzz45eS6/view?usp=drivesdk
EProgramming with Python,N/A,Third Year Diploma,Semester - 6,https://drive.google.com/file/d/14o4_tNbqOTpn2bKBHsoQy-9evt-w7S27/view?usp=drivesdk
Programming with Python,N/A,Third Year Diploma,Semester - 6,https://drive.google.com/file/d/14pWRuR_zBAjHJnF6hzb5rSq020ssLL7Q/view?usp=drivesdk
